production_index,step_idx,production_workcell,qc,consent,winner_qc_list,score,production_time,transport_time,inspection_time,network_time,qc_results,actual_quality
3.0,1.0,wc_1,,0.0,,,65.0,,,,,Pass
3.0,1.0,wc_1,,0.0,,,,0.0,,,,Pass
3.0,1.0,wc_1,wc_1,0.0,"[('wc_1', 1)]",1.0,,,24.0,0.006132,['Pass'],Pass
3.0,1.0,wc_1,,0.0,,,,0.0,,,,Pass
3.0,1.0,wc_1,wc_2,0.0,"[('wc_2', 1), ('wc_1', 1)]",2.0,,,23.0,0.007155,['Pass'],Pass
3.0,1.0,wc_1,,0.0,,,,0.0,,,,Pass
3.0,1.0,wc_1,wc_3,0.0,"[('wc_1', 1), ('wc_2', 1)]",2.0,,,28.0,0.006062,['Pass'],Pass
3.0,1.0,wc_1,,0.0,,,,0.0,,,,Pass
3.0,1.0,wc_1,wc_4,0.0,"[('wc_4', 1), ('wc_1', 1), ('wc_2', 1)]",3.0,,,25.0,0.008635,['Pass'],Pass
3.0,1.0,wc_1,,0.0,,,,0.0,,,,Pass
3.0,1.0,wc_1,wc_5,0.0,"[('wc_1', 1), ('wc_2', 1), ('wc_4', 1)]",3.0,,,27.0,0.009738,['Pass'],Pass
3.0,1.0,wc_1,,0.0,,,,61.0,,,,Pass
3.0,1.0,wc_1,wc_6,0.0,"[('wc_1', 1), ('wc_2', 1), ('wc_4', 1)]",3.0,,,21.0,0.012778000000000001,['Pass'],Pass
3.0,1.0,wc_1,,0.0,,,,0.0,,,,Pass
3.0,1.0,wc_1,wc_7,0.0,"[('wc_7', 1), ('wc_1', 1), ('wc_2', 1), ('wc_4', 1)]",4.0,,,38.0,0.013154,['Pass'],Pass
3.0,1.0,wc_1,,0.0,,,,0.0,,,,Pass
3.0,1.0,wc_1,wc_8,0.0,"[('wc_8', 1), ('wc_1', 1), ('wc_2', 1), ('wc_4', 1), ('wc_7', 1)]",5.0,,,32.0,0.015190000000000002,['Pass'],Pass
3.0,1.0,wc_1,,0.0,,,,0.0,,,,Pass
3.0,1.0,wc_1,wc_9,0.0,"[('wc_9', 1), ('wc_1', 1), ('wc_2', 1), ('wc_4', 1), ('wc_7', 1), ('wc_8', 1)]",6.0,,,33.0,0.016796000000000002,['Pass'],Pass
3.0,1.0,wc_1,,0.0,,,,0.0,,,,Pass
3.0,1.0,wc_1,wc_10,0.0,"[('wc_10', 1), ('wc_1', 1), ('wc_2', 1), ('wc_4', 1), ('wc_7', 1), ('wc_8', 1), ('wc_9', 1)]",7.0,,,25.0,0.019177,['Pass'],Pass
3.0,1.0,wc_1,,0.0,,,,0.0,,,,Pass
3.0,1.0,wc_1,wc_11,0.0,"[('wc_11', 1), ('wc_1', 1), ('wc_2', 1), ('wc_4', 1), ('wc_7', 1), ('wc_8', 1), ('wc_9', 1), ('wc_10', 1)]",8.0,,,26.0,0.02287,['Pass'],Pass
3.0,1.0,wc_1,,0.0,,,,61.0,,,,Pass
3.0,1.0,wc_1,wc_12,0.0,"[('wc_12', 1), ('wc_1', 1), ('wc_2', 1), ('wc_4', 1), ('wc_7', 1), ('wc_8', 1), ('wc_9', 1), ('wc_10', 1), ('wc_11', 1)]",9.0,,,26.0,0.027139999999999997,['Pass'],Pass
3.0,1.0,wc_1,,0.0,,,,0.0,,,,Pass
3.0,1.0,wc_1,wc_13,0.0,"[('wc_1', 1), ('wc_2', 1), ('wc_4', 1), ('wc_7', 1), ('wc_8', 1), ('wc_9', 1), ('wc_10', 1), ('wc_11', 1), ('wc_12', 1)]",9.0,,,25.0,0.029019,['Pass'],Pass
3.0,1.0,wc_1,,0.0,,,,0.0,,,,Pass
3.0,1.0,wc_1,wc_14,0.0,"[('wc_14', 1), ('wc_1', 1), ('wc_2', 1), ('wc_4', 1), ('wc_7', 1), ('wc_8', 1), ('wc_9', 1), ('wc_10', 1), ('wc_11', 1), ('wc_12', 1)]",10.0,,,40.0,0.027670999999999998,['Pass'],Pass
3.0,1.0,wc_1,,0.0,,,,0.0,,,,Pass
3.0,1.0,wc_1,wc_15,1.0,"[('wc_15', 1), ('wc_1', 1), ('wc_2', 1), ('wc_4', 1), ('wc_7', 1), ('wc_8', 1), ('wc_9', 1), ('wc_10', 1), ('wc_11', 1), ('wc_12', 1), ('wc_14', 1)]",11.0,,,34.0,0.05799299999999999,['Pass'],Pass
4.0,2.0,wc_2,,0.0,,,,303.0,,,,Pass
4.0,2.0,wc_2,,0.0,,,59.0,,,,,Pass
4.0,2.0,wc_2,,0.0,,,,0.0,,,,Pass
4.0,2.0,wc_2,wc_2,0.0,"[('wc_2', 1)]",1.0,,,26.0,0.002279,['Fail'],Pass
4.0,2.0,wc_2,,0.0,,,,0.0,,,,Pass
4.0,2.0,wc_2,wc_3,0.0,"[('wc_3', 1)]",1.0,,,39.0,0.0041589999999999995,['Pass'],Pass
4.0,2.0,wc_2,,0.0,,,,0.0,,,,Pass
4.0,2.0,wc_2,wc_4,0.0,"[('wc_4', 1), ('wc_3', 1)]",2.0,,,35.0,0.006175,['Pass'],Pass
4.0,2.0,wc_2,,0.0,,,,0.0,,,,Pass
4.0,2.0,wc_2,wc_5,0.0,"[('wc_5', 1), ('wc_3', 1), ('wc_4', 1)]",3.0,,,33.0,0.009019000000000001,['Pass'],Pass
4.0,2.0,wc_2,,0.0,,,,41.0,,,,Pass
4.0,2.0,wc_2,wc_1,0.0,"[('wc_1', 1), ('wc_3', 1), ('wc_4', 1), ('wc_5', 1)]",4.0,,,28.0,0.011904,['Pass'],Pass
4.0,2.0,wc_2,,0.0,,,,142.0,,,,Pass
4.0,2.0,wc_2,wc_6,0.0,"[('wc_6', 1), ('wc_3', 1), ('wc_4', 1), ('wc_5', 1), ('wc_1', 1)]",5.0,,,27.0,0.011227,['Pass'],Pass
4.0,2.0,wc_2,,0.0,,,,0.0,,,,Pass
4.0,2.0,wc_2,wc_7,0.0,"[('wc_7', 1), ('wc_3', 1), ('wc_4', 1), ('wc_5', 1), ('wc_1', 1), ('wc_6', 1)]",6.0,,,39.0,0.013529,['Pass'],Pass
4.0,2.0,wc_2,,0.0,,,,0.0,,,,Pass
4.0,2.0,wc_2,wc_8,0.0,"[('wc_8', 1), ('wc_3', 1), ('wc_4', 1), ('wc_5', 1), ('wc_1', 1), ('wc_6', 1), ('wc_7', 1)]",7.0,,,37.0,0.015443,['Pass'],Pass
4.0,2.0,wc_2,,0.0,,,,0.0,,,,Pass
4.0,2.0,wc_2,wc_9,0.0,"[('wc_9', 1), ('wc_3', 1), ('wc_4', 1), ('wc_5', 1), ('wc_1', 1), ('wc_6', 1), ('wc_7', 1), ('wc_8', 1)]",8.0,,,29.0,0.017856,['Pass'],Pass
4.0,2.0,wc_2,,0.0,,,,0.0,,,,Pass
4.0,2.0,wc_2,wc_10,0.0,"[('wc_10', 1), ('wc_3', 1), ('wc_4', 1), ('wc_5', 1), ('wc_1', 1), ('wc_6', 1), ('wc_7', 1), ('wc_8', 1), ('wc_9', 1)]",9.0,,,22.0,0.028241000000000002,['Pass'],Pass
4.0,2.0,wc_2,,0.0,,,,0.0,,,,Pass
4.0,2.0,wc_2,wc_11,0.0,"[('wc_11', 1), ('wc_3', 1), ('wc_4', 1), ('wc_5', 1), ('wc_1', 1), ('wc_6', 1), ('wc_7', 1), ('wc_8', 1), ('wc_9', 1), ('wc_10', 1)]",10.0,,,20.0,0.024442000000000002,['Pass'],Pass
4.0,2.0,wc_2,,0.0,,,,61.0,,,,Pass
4.0,2.0,wc_2,wc_12,1.0,"[('wc_12', 1), ('wc_3', 1), ('wc_4', 1), ('wc_5', 1), ('wc_1', 1), ('wc_6', 1), ('wc_7', 1), ('wc_8', 1), ('wc_9', 1), ('wc_10', 1), ('wc_11', 1)]",11.0,,,20.0,0.05958999999999999,['Pass'],Pass
6.0,3.0,wc_3,,0.0,,,,361.0,,,,Fail
6.0,3.0,wc_3,,0.0,,,65.0,,,,,Fail
6.0,3.0,wc_3,,0.0,,,,0.0,,,,Fail
6.0,3.0,wc_3,wc_3,0.0,"[('wc_3', 1)]",1.0,,,27.0,0.002342,['Fail'],Fail
6.0,3.0,wc_3,,0.0,,,,0.0,,,,Fail
6.0,3.0,wc_3,wc_4,0.0,"[('wc_4', 1), ('wc_3', 1)]",2.0,,,29.0,0.0070420000000000005,['Fail'],Fail
6.0,3.0,wc_3,,0.0,,,,0.0,,,,Fail
6.0,3.0,wc_3,wc_5,0.0,"[('wc_3', 1), ('wc_4', 1)]",2.0,,,23.0,0.006485,['Fail'],Fail
6.0,3.0,wc_3,,0.0,,,,41.0,,,,Fail
6.0,3.0,wc_3,wc_1,0.0,"[('wc_1', 1), ('wc_5', 1)]",2.0,,,36.0,0.007678999999999999,['Pass'],Fail
6.0,3.0,wc_3,,0.0,,,,0.0,,,,Fail
6.0,3.0,wc_3,wc_2,0.0,"[('wc_2', 1), ('wc_5', 1), ('wc_1', 1)]",3.0,,,39.0,0.012223999999999999,['Pass'],Fail
6.0,3.0,wc_3,,0.0,,,,122.0,,,,Fail
6.0,3.0,wc_3,wc_6,0.0,"[('wc_5', 1), ('wc_1', 1), ('wc_2', 1)]",3.0,,,30.0,0.011285,['Pass'],Fail
6.0,3.0,wc_3,,0.0,,,,0.0,,,,Fail
6.0,3.0,wc_3,wc_7,0.0,"[('wc_7', 1), ('wc_3', 1), ('wc_4', 1), ('wc_6', 1)]",4.0,,,39.0,0.012691000000000001,['Fail'],Fail
6.0,3.0,wc_3,,0.0,,,,0.0,,,,Fail
6.0,3.0,wc_3,wc_8,0.0,"[('wc_8', 1), ('wc_3', 1), ('wc_4', 1), ('wc_6', 1), ('wc_7', 1)]",5.0,,,35.0,0.019353,['Fail'],Fail
6.0,3.0,wc_3,,0.0,,,,0.0,,,,Fail
6.0,3.0,wc_3,wc_9,0.0,"[('wc_9', 1), ('wc_3', 1), ('wc_4', 1), ('wc_6', 1), ('wc_7', 1), ('wc_8', 1)]",6.0,,,37.0,0.016798,['Fail'],Fail
6.0,3.0,wc_3,,0.0,,,,0.0,,,,Fail
6.0,3.0,wc_3,wc_10,0.0,"[('wc_10', 1), ('wc_3', 1), ('wc_4', 1), ('wc_6', 1), ('wc_7', 1), ('wc_8', 1), ('wc_9', 1)]",7.0,,,40.0,0.018255,['Fail'],Fail
6.0,3.0,wc_3,,0.0,,,,0.0,,,,Fail
6.0,3.0,wc_3,wc_11,0.0,"[('wc_3', 1), ('wc_4', 1), ('wc_6', 1), ('wc_7', 1), ('wc_8', 1), ('wc_9', 1), ('wc_10', 1)]",7.0,,,39.0,0.022421,['Fail'],Fail
6.0,3.0,wc_3,,0.0,,,,61.0,,,,Fail
6.0,3.0,wc_3,wc_12,0.0,"[('wc_12', 1), ('wc_3', 1), ('wc_4', 1), ('wc_6', 1), ('wc_7', 1), ('wc_8', 1), ('wc_9', 1), ('wc_10', 1)]",8.0,,,38.0,0.025625999999999996,['Fail'],Fail
6.0,3.0,wc_3,,0.0,,,,0.0,,,,Fail
6.0,3.0,wc_3,wc_13,0.0,"[('wc_3', 1), ('wc_4', 1), ('wc_6', 1), ('wc_7', 1), ('wc_8', 1), ('wc_9', 1), ('wc_10', 1), ('wc_12', 1)]",8.0,,,38.0,0.025771000000000002,['Fail'],Fail
6.0,3.0,wc_3,,0.0,,,,0.0,,,,Fail
6.0,3.0,wc_3,wc_14,0.0,"[('wc_3', 1), ('wc_4', 1), ('wc_6', 1), ('wc_7', 1), ('wc_8', 1), ('wc_9', 1), ('wc_10', 1), ('wc_12', 1)]",8.0,,,31.0,0.026467,['Fail'],Fail
6.0,3.0,wc_3,,0.0,,,,0.0,,,,Fail
6.0,3.0,wc_3,wc_15,0.0,"[('wc_3', 1), ('wc_4', 1), ('wc_6', 1), ('wc_7', 1), ('wc_8', 1), ('wc_9', 1), ('wc_10', 1), ('wc_12', 1)]",8.0,,,35.0,0.028241999999999996,['Fail'],Fail
6.0,3.0,wc_3,,0.0,,,,0.0,,,,Fail
6.0,3.0,wc_3,wc_16,0.0,"[('wc_16', 1), ('wc_3', 1), ('wc_4', 1), ('wc_6', 1), ('wc_7', 1), ('wc_8', 1), ('wc_9', 1), ('wc_10', 1), ('wc_12', 1)]",9.0,,,32.0,0.030979999999999994,['Fail'],Fail
6.0,3.0,wc_3,,0.0,,,,0.0,,,,Fail
6.0,3.0,wc_3,wc_17,1.0,"[('wc_17', 1), ('wc_3', 1), ('wc_4', 1), ('wc_6', 1), ('wc_7', 1), ('wc_8', 1), ('wc_9', 1), ('wc_10', 1), ('wc_12', 1), ('wc_16', 1)]",10.0,,,20.0,0.0688,['Fail'],Fail
8.0,4.0,wc_4,,0.0,,,,382.0,,,,Fail
8.0,4.0,wc_4,,0.0,,,59.0,,,,,Fail
8.0,4.0,wc_4,,0.0,,,,0.0,,,,Fail
8.0,4.0,wc_4,wc_4,0.0,"[('wc_4', 1)]",1.0,,,32.0,0.002387,['Fail'],Fail
8.0,4.0,wc_4,,0.0,,,,0.0,,,,Fail
8.0,4.0,wc_4,wc_5,0.0,"[('wc_5', 1), ('wc_4', 1)]",2.0,,,29.0,0.004085,['Fail'],Fail
8.0,4.0,wc_4,,0.0,,,,41.0,,,,Fail
8.0,4.0,wc_4,wc_1,0.0,"[('wc_4', 1), ('wc_5', 1)]",2.0,,,20.0,0.005811,['Fail'],Fail
8.0,4.0,wc_4,,0.0,,,,0.0,,,,Fail
8.0,4.0,wc_4,wc_2,0.0,"[('wc_2', 1), ('wc_4', 1), ('wc_5', 1)]",3.0,,,29.0,0.007848999999999998,['Fail'],Fail
8.0,4.0,wc_4,,0.0,,,,0.0,,,,Fail
8.0,4.0,wc_4,wc_3,0.0,"[('wc_3', 1), ('wc_4', 1), ('wc_5', 1), ('wc_2', 1)]",4.0,,,31.0,0.010647,['Fail'],Fail
8.0,4.0,wc_4,,0.0,,,,101.0,,,,Fail
8.0,4.0,wc_4,wc_6,0.0,"[('wc_6', 1), ('wc_4', 1), ('wc_5', 1), ('wc_2', 1), ('wc_3', 1)]",5.0,,,29.0,0.011179999999999999,['Fail'],Fail
8.0,4.0,wc_4,,0.0,,,,0.0,,,,Fail
8.0,4.0,wc_4,wc_7,0.0,"[('wc_7', 1), ('wc_4', 1), ('wc_5', 1), ('wc_2', 1), ('wc_3', 1), ('wc_6', 1)]",6.0,,,20.0,0.014417000000000001,['Fail'],Fail
8.0,4.0,wc_4,,0.0,,,,0.0,,,,Fail
8.0,4.0,wc_4,wc_8,0.0,"[('wc_8', 1), ('wc_4', 1), ('wc_5', 1), ('wc_2', 1), ('wc_3', 1), ('wc_6', 1), ('wc_7', 1)]",7.0,,,33.0,0.016272000000000002,['Fail'],Fail
8.0,4.0,wc_4,,0.0,,,,0.0,,,,Fail
8.0,4.0,wc_4,wc_9,0.0,"[('wc_9', 1), ('wc_4', 1), ('wc_5', 1), ('wc_2', 1), ('wc_3', 1), ('wc_6', 1), ('wc_7', 1), ('wc_8', 1)]",8.0,,,36.0,0.018012999999999998,['Fail'],Fail
8.0,4.0,wc_4,,0.0,,,,0.0,,,,Fail
8.0,4.0,wc_4,wc_10,0.0,"[('wc_10', 1), ('wc_4', 1), ('wc_5', 1), ('wc_2', 1), ('wc_3', 1), ('wc_6', 1), ('wc_7', 1), ('wc_8', 1), ('wc_9', 1)]",9.0,,,25.0,0.018193,['Fail'],Fail
8.0,4.0,wc_4,,0.0,,,,0.0,,,,Fail
8.0,4.0,wc_4,wc_11,0.0,"[('wc_11', 1), ('wc_4', 1), ('wc_5', 1), ('wc_2', 1), ('wc_3', 1), ('wc_6', 1), ('wc_7', 1), ('wc_8', 1), ('wc_9', 1), ('wc_10', 1)]",10.0,,,21.0,0.020479,['Fail'],Fail
8.0,4.0,wc_4,,0.0,,,,61.0,,,,Fail
8.0,4.0,wc_4,wc_12,1.0,"[('wc_12', 1), ('wc_4', 1), ('wc_5', 1), ('wc_2', 1), ('wc_3', 1), ('wc_6', 1), ('wc_7', 1), ('wc_8', 1), ('wc_9', 1), ('wc_10', 1), ('wc_11', 1)]",11.0,,,34.0,0.058081999999999995,['Fail'],Fail
11.0,4.0,wc_4,,0.0,,,,381.0,,,,Pass
11.0,4.0,wc_4,,0.0,,,55.0,,,,,Pass
11.0,4.0,wc_4,,0.0,,,,0.0,,,,Pass
11.0,4.0,wc_4,wc_4,0.0,"[('wc_4', 1)]",1.0,,,38.0,0.00343,['Fail'],Pass
11.0,4.0,wc_4,,0.0,,,,0.0,,,,Pass
11.0,4.0,wc_4,wc_5,0.0,"[('wc_5', 1)]",1.0,,,30.0,0.004756,['Pass'],Pass
11.0,4.0,wc_4,,0.0,,,,41.0,,,,Pass
11.0,4.0,wc_4,wc_1,0.0,"[('wc_1', 1), ('wc_4', 1)]",2.0,,,37.0,0.006751,['Fail'],Pass
11.0,4.0,wc_4,,0.0,,,,0.0,,,,Pass
11.0,4.0,wc_4,wc_2,0.0,"[('wc_2', 1), ('wc_4', 1), ('wc_1', 1)]",3.0,,,23.0,0.009195,['Fail'],Pass
11.0,4.0,wc_4,,0.0,,,,0.0,,,,Pass
11.0,4.0,wc_4,wc_3,0.0,"[('wc_4', 1), ('wc_1', 1), ('wc_2', 1)]",3.0,,,37.0,0.01055,['Fail'],Pass
11.0,4.0,wc_4,,0.0,,,,101.0,,,,Pass
11.0,4.0,wc_4,wc_6,0.0,"[('wc_6', 1), ('wc_5', 1), ('wc_3', 1)]",3.0,,,26.0,0.013868,['Pass'],Pass
11.0,4.0,wc_4,,0.0,,,,0.0,,,,Pass
11.0,4.0,wc_4,wc_7,0.0,"[('wc_7', 1), ('wc_5', 1), ('wc_3', 1), ('wc_6', 1)]",4.0,,,24.0,0.015768,['Pass'],Pass
11.0,4.0,wc_4,,0.0,,,,0.0,,,,Pass
11.0,4.0,wc_4,wc_8,0.0,"[('wc_8', 1), ('wc_5', 1), ('wc_3', 1), ('wc_6', 1), ('wc_7', 1)]",5.0,,,34.0,0.018334,['Pass'],Pass
11.0,4.0,wc_4,,0.0,,,,0.0,,,,Pass
11.0,4.0,wc_4,wc_9,0.0,"[('wc_5', 1), ('wc_3', 1), ('wc_6', 1), ('wc_7', 1), ('wc_8', 1)]",5.0,,,28.0,0.019434,['Pass'],Pass
11.0,4.0,wc_4,,0.0,,,,0.0,,,,Pass
11.0,4.0,wc_4,wc_10,0.0,"[('wc_5', 1), ('wc_3', 1), ('wc_6', 1), ('wc_7', 1), ('wc_8', 1)]",5.0,,,31.0,0.021254,['Pass'],Pass
11.0,4.0,wc_4,,0.0,,,,0.0,,,,Pass
11.0,4.0,wc_4,wc_11,0.0,"[('wc_11', 1), ('wc_5', 1), ('wc_3', 1), ('wc_6', 1), ('wc_7', 1), ('wc_8', 1)]",6.0,,,21.0,0.022441999999999997,['Pass'],Pass
11.0,4.0,wc_4,,0.0,,,,61.0,,,,Pass
11.0,4.0,wc_4,wc_12,0.0,"[('wc_12', 1), ('wc_5', 1), ('wc_3', 1), ('wc_6', 1), ('wc_7', 1), ('wc_8', 1), ('wc_11', 1)]",7.0,,,30.0,0.025704000000000005,['Pass'],Pass
11.0,4.0,wc_4,,0.0,,,,0.0,,,,Pass
11.0,4.0,wc_4,wc_13,0.0,"[('wc_13', 1), ('wc_5', 1), ('wc_3', 1), ('wc_6', 1), ('wc_7', 1), ('wc_8', 1), ('wc_11', 1), ('wc_12', 1)]",8.0,,,20.0,0.034990999999999994,['Pass'],Pass
11.0,4.0,wc_4,,0.0,,,,0.0,,,,Pass
11.0,4.0,wc_4,wc_14,0.0,"[('wc_5', 1), ('wc_3', 1), ('wc_6', 1), ('wc_7', 1), ('wc_8', 1), ('wc_11', 1), ('wc_12', 1), ('wc_13', 1)]",8.0,,,38.0,0.030871,['Pass'],Pass
11.0,4.0,wc_4,,0.0,,,,0.0,,,,Pass
11.0,4.0,wc_4,wc_15,0.0,"[('wc_5', 1), ('wc_3', 1), ('wc_6', 1), ('wc_7', 1), ('wc_8', 1), ('wc_11', 1), ('wc_12', 1), ('wc_13', 1)]",8.0,,,31.0,0.049558,['Pass'],Pass
11.0,4.0,wc_4,,0.0,,,,0.0,,,,Pass
11.0,4.0,wc_4,wc_16,0.0,"[('wc_16', 1), ('wc_5', 1), ('wc_3', 1), ('wc_6', 1), ('wc_7', 1), ('wc_8', 1), ('wc_11', 1), ('wc_12', 1), ('wc_13', 1)]",9.0,,,40.0,0.032298,['Pass'],Pass
11.0,4.0,wc_4,,0.0,,,,0.0,,,,Pass
11.0,4.0,wc_4,wc_17,1.0,"[('wc_17', 1), ('wc_5', 1), ('wc_3', 1), ('wc_6', 1), ('wc_7', 1), ('wc_8', 1), ('wc_11', 1), ('wc_12', 1), ('wc_13', 1), ('wc_16', 1)]",10.0,,,38.0,0.06729399999999999,['Pass'],Pass
18.0,3.0,wc_3,,0.0,,,,362.0,,,,Pass
18.0,3.0,wc_3,,0.0,,,80.0,,,,,Pass
18.0,3.0,wc_3,,0.0,,,,0.0,,,,Pass
18.0,3.0,wc_3,wc_3,0.0,"[('wc_3', 1)]",1.0,,,32.0,0.0023,['Fail'],Pass
18.0,3.0,wc_3,,0.0,,,,0.0,,,,Pass
18.0,3.0,wc_3,wc_4,0.0,"[('wc_4', 1)]",1.0,,,36.0,0.004255,['Pass'],Pass
18.0,3.0,wc_3,,0.0,,,,0.0,,,,Pass
18.0,3.0,wc_3,wc_5,0.0,"[('wc_5', 1), ('wc_4', 1)]",2.0,,,39.0,0.006333,['Pass'],Pass
18.0,3.0,wc_3,,0.0,,,,41.0,,,,Pass
18.0,3.0,wc_3,wc_1,0.0,"[('wc_1', 1), ('wc_4', 1), ('wc_5', 1)]",3.0,,,24.0,0.007671,['Pass'],Pass
18.0,3.0,wc_3,,0.0,,,,0.0,,,,Pass
18.0,3.0,wc_3,wc_2,0.0,"[('wc_2', 1), ('wc_4', 1), ('wc_5', 1), ('wc_1', 1)]",4.0,,,28.0,0.010844999999999999,['Pass'],Pass
18.0,3.0,wc_3,,0.0,,,,122.0,,,,Pass
18.0,3.0,wc_3,wc_6,0.0,"[('wc_6', 1), ('wc_4', 1), ('wc_5', 1), ('wc_1', 1), ('wc_2', 1)]",5.0,,,29.0,0.014563,['Pass'],Pass
18.0,3.0,wc_3,,0.0,,,,0.0,,,,Pass
18.0,3.0,wc_3,wc_7,0.0,"[('wc_4', 1), ('wc_5', 1), ('wc_1', 1), ('wc_2', 1), ('wc_6', 1)]",5.0,,,29.0,0.015069,['Pass'],Pass
18.0,3.0,wc_3,,0.0,,,,0.0,,,,Pass
18.0,3.0,wc_3,wc_8,0.0,"[('wc_8', 1), ('wc_4', 1), ('wc_5', 1), ('wc_1', 1), ('wc_2', 1), ('wc_6', 1)]",6.0,,,27.0,0.017002,['Pass'],Pass
18.0,3.0,wc_3,,0.0,,,,0.0,,,,Pass
18.0,3.0,wc_3,wc_9,0.0,"[('wc_4', 1), ('wc_5', 1), ('wc_1', 1), ('wc_2', 1), ('wc_6', 1), ('wc_8', 1)]",6.0,,,30.0,0.020821999999999997,['Pass'],Pass
18.0,3.0,wc_3,,0.0,,,,0.0,,,,Pass
18.0,3.0,wc_3,wc_10,0.0,"[('wc_10', 1), ('wc_4', 1), ('wc_5', 1), ('wc_1', 1), ('wc_2', 1), ('wc_6', 1), ('wc_8', 1)]",7.0,,,28.0,0.022466999999999994,['Pass'],Pass
18.0,3.0,wc_3,,0.0,,,,0.0,,,,Pass
18.0,3.0,wc_3,wc_11,0.0,"[('wc_11', 1), ('wc_4', 1), ('wc_5', 1), ('wc_1', 1), ('wc_2', 1), ('wc_6', 1), ('wc_8', 1), ('wc_10', 1)]",8.0,,,33.0,0.021743000000000002,['Pass'],Pass
18.0,3.0,wc_3,,0.0,,,,61.0,,,,Pass
18.0,3.0,wc_3,wc_12,0.0,"[('wc_12', 1), ('wc_4', 1), ('wc_5', 1), ('wc_1', 1), ('wc_2', 1), ('wc_6', 1), ('wc_8', 1), ('wc_10', 1), ('wc_11', 1)]",9.0,,,25.0,0.025207,['Pass'],Pass
18.0,3.0,wc_3,,0.0,,,,0.0,,,,Pass
18.0,3.0,wc_3,wc_13,0.0,"[('wc_4', 1), ('wc_5', 1), ('wc_1', 1), ('wc_2', 1), ('wc_6', 1), ('wc_8', 1), ('wc_10', 1), ('wc_11', 1), ('wc_12', 1)]",9.0,,,23.0,0.026736999999999997,['Pass'],Pass
18.0,3.0,wc_3,,0.0,,,,0.0,,,,Pass
18.0,3.0,wc_3,wc_14,0.0,"[('wc_14', 1), ('wc_4', 1), ('wc_5', 1), ('wc_1', 1), ('wc_2', 1), ('wc_6', 1), ('wc_8', 1), ('wc_10', 1), ('wc_11', 1), ('wc_12', 1)]",10.0,,,39.0,0.027729,['Pass'],Pass
18.0,3.0,wc_3,,0.0,,,,0.0,,,,Pass
18.0,3.0,wc_3,wc_15,1.0,"[('wc_15', 1), ('wc_4', 1), ('wc_5', 1), ('wc_1', 1), ('wc_2', 1), ('wc_6', 1), ('wc_8', 1), ('wc_10', 1), ('wc_11', 1), ('wc_12', 1), ('wc_14', 1)]",11.0,,,40.0,0.06168599999999999,['Pass'],Pass
21.0,5.0,wc_5,,0.0,,,,442.0,,,,Pass
21.0,5.0,wc_5,,0.0,,,75.0,,,,,Pass
21.0,5.0,wc_5,,0.0,,,,0.0,,,,Pass
21.0,5.0,wc_5,wc_5,0.0,"[('wc_5', 1)]",1.0,,,26.0,0.002121,['Pass'],Pass
21.0,5.0,wc_5,,0.0,,,,41.0,,,,Pass
21.0,5.0,wc_5,wc_1,0.0,"[('wc_5', 1)]",1.0,,,38.0,0.004697,['Pass'],Pass
21.0,5.0,wc_5,,0.0,,,,0.0,,,,Pass
21.0,5.0,wc_5,wc_2,0.0,"[('wc_2', 1), ('wc_5', 1)]",2.0,,,37.0,0.006931,['Pass'],Pass
21.0,5.0,wc_5,,0.0,,,,0.0,,,,Pass
21.0,5.0,wc_5,wc_3,0.0,"[('wc_3', 1), ('wc_5', 1), ('wc_2', 1)]",3.0,,,21.0,0.011411,['Pass'],Pass
21.0,5.0,wc_5,,0.0,,,,0.0,,,,Pass
21.0,5.0,wc_5,wc_4,0.0,"[('wc_5', 1), ('wc_2', 1), ('wc_3', 1)]",3.0,,,39.0,0.011366,['Pass'],Pass
21.0,5.0,wc_5,,0.0,,,,81.0,,,,Pass
21.0,5.0,wc_5,wc_6,0.0,"[('wc_6', 1), ('wc_5', 1), ('wc_2', 1), ('wc_3', 1)]",4.0,,,27.0,0.012124999999999999,['Pass'],Pass
21.0,5.0,wc_5,,0.0,,,,0.0,,,,Pass
21.0,5.0,wc_5,wc_7,0.0,"[('wc_7', 1), ('wc_5', 1), ('wc_2', 1), ('wc_3', 1), ('wc_6', 1)]",5.0,,,38.0,0.012935999999999998,['Pass'],Pass
21.0,5.0,wc_5,,0.0,,,,0.0,,,,Pass
21.0,5.0,wc_5,wc_8,0.0,"[('wc_8', 1), ('wc_5', 1), ('wc_2', 1), ('wc_3', 1), ('wc_6', 1), ('wc_7', 1)]",6.0,,,31.0,0.014041,['Pass'],Pass
21.0,5.0,wc_5,,0.0,,,,0.0,,,,Pass
21.0,5.0,wc_5,wc_9,0.0,"[('wc_9', 1), ('wc_5', 1), ('wc_2', 1), ('wc_3', 1), ('wc_6', 1), ('wc_7', 1), ('wc_8', 1)]",7.0,,,37.0,0.01651,['Pass'],Pass
21.0,5.0,wc_5,,0.0,,,,0.0,,,,Pass
21.0,5.0,wc_5,wc_10,0.0,"[('wc_10', 1), ('wc_5', 1), ('wc_2', 1), ('wc_3', 1), ('wc_6', 1), ('wc_7', 1), ('wc_8', 1), ('wc_9', 1)]",8.0,,,36.0,0.019114999999999997,['Pass'],Pass
21.0,5.0,wc_5,,0.0,,,,0.0,,,,Pass
21.0,5.0,wc_5,wc_11,0.0,"[('wc_11', 1), ('wc_5', 1), ('wc_2', 1), ('wc_3', 1), ('wc_6', 1), ('wc_7', 1), ('wc_8', 1), ('wc_9', 1), ('wc_10', 1)]",9.0,,,37.0,0.019948,['Pass'],Pass
21.0,5.0,wc_5,,0.0,,,,61.0,,,,Pass
21.0,5.0,wc_5,wc_12,0.0,"[('wc_12', 1), ('wc_5', 1), ('wc_2', 1), ('wc_3', 1), ('wc_6', 1), ('wc_7', 1), ('wc_8', 1), ('wc_9', 1), ('wc_10', 1), ('wc_11', 1)]",10.0,,,20.0,0.021978000000000004,['Pass'],Pass
21.0,5.0,wc_5,,0.0,,,,0.0,,,,Pass
21.0,5.0,wc_5,wc_13,1.0,"[('wc_13', 1), ('wc_5', 1), ('wc_2', 1), ('wc_3', 1), ('wc_6', 1), ('wc_7', 1), ('wc_8', 1), ('wc_9', 1), ('wc_10', 1), ('wc_11', 1), ('wc_12', 1)]",11.0,,,36.0,0.06390299999999999,['Pass'],Pass
25.0,6.0,wc_6,,0.0,,,,162.0,,,,Pass
25.0,6.0,wc_6,,0.0,,,56.0,,,,,Pass
25.0,6.0,wc_6,,0.0,,,,0.0,,,,Pass
25.0,6.0,wc_6,wc_6,0.0,"[('wc_6', 1)]",1.0,,,27.0,0.003116,['Pass'],Pass
25.0,6.0,wc_6,,0.0,,,,0.0,,,,Pass
25.0,6.0,wc_6,wc_7,0.0,"[('wc_6', 1)]",1.0,,,22.0,0.005295,['Pass'],Pass
25.0,6.0,wc_6,,0.0,,,,0.0,,,,Pass
25.0,6.0,wc_6,wc_8,0.0,"[('wc_8', 1), ('wc_6', 1)]",2.0,,,27.0,0.0059900000000000005,['Pass'],Pass
25.0,6.0,wc_6,,0.0,,,,0.0,,,,Pass
25.0,6.0,wc_6,wc_9,0.0,"[('wc_6', 1), ('wc_8', 1)]",2.0,,,38.0,0.008326,['Pass'],Pass
25.0,6.0,wc_6,,0.0,,,,0.0,,,,Pass
25.0,6.0,wc_6,wc_10,0.0,"[('wc_10', 1), ('wc_6', 1), ('wc_8', 1)]",3.0,,,40.0,0.010817,['Pass'],Pass
25.0,6.0,wc_6,,0.0,,,,0.0,,,,Pass
25.0,6.0,wc_6,wc_11,0.0,"[('wc_11', 1), ('wc_6', 1), ('wc_8', 1), ('wc_10', 1)]",4.0,,,28.0,0.011896,['Pass'],Pass
25.0,6.0,wc_6,,0.0,,,,61.0,,,,Pass
25.0,6.0,wc_6,wc_12,0.0,"[('wc_6', 1), ('wc_8', 1), ('wc_10', 1), ('wc_11', 1)]",4.0,,,26.0,0.014242,['Pass'],Pass
25.0,6.0,wc_6,,0.0,,,,0.0,,,,Pass
25.0,6.0,wc_6,wc_13,0.0,"[('wc_6', 1), ('wc_8', 1), ('wc_10', 1), ('wc_11', 1)]",4.0,,,40.0,0.017146,['Pass'],Pass
25.0,6.0,wc_6,,0.0,,,,0.0,,,,Pass
25.0,6.0,wc_6,wc_14,0.0,"[('wc_14', 1), ('wc_6', 1), ('wc_8', 1), ('wc_10', 1), ('wc_11', 1)]",5.0,,,35.0,0.016438,['Pass'],Pass
25.0,6.0,wc_6,,0.0,,,,0.0,,,,Pass
25.0,6.0,wc_6,wc_15,0.0,"[('wc_15', 1), ('wc_6', 1), ('wc_8', 1), ('wc_10', 1), ('wc_11', 1), ('wc_14', 1)]",6.0,,,21.0,0.018387999999999998,['Pass'],Pass
25.0,6.0,wc_6,,0.0,,,,0.0,,,,Pass
25.0,6.0,wc_6,wc_16,0.0,"[('wc_16', 1), ('wc_6', 1), ('wc_8', 1), ('wc_10', 1), ('wc_11', 1), ('wc_14', 1), ('wc_15', 1)]",7.0,,,29.0,0.022883,['Pass'],Pass
25.0,6.0,wc_6,,0.0,,,,0.0,,,,Pass
25.0,6.0,wc_6,wc_17,0.0,"[('wc_17', 1), ('wc_6', 1), ('wc_8', 1), ('wc_10', 1), ('wc_11', 1), ('wc_14', 1), ('wc_15', 1), ('wc_16', 1)]",8.0,,,20.0,0.023655000000000002,['Pass'],Pass
25.0,6.0,wc_6,,0.0,,,,243.0,,,,Pass
25.0,6.0,wc_6,wc_1,0.0,"[('wc_6', 1), ('wc_8', 1), ('wc_10', 1), ('wc_11', 1), ('wc_14', 1), ('wc_15', 1), ('wc_16', 1), ('wc_17', 1)]",8.0,,,32.0,0.025856,['Pass'],Pass
25.0,6.0,wc_6,,0.0,,,,0.0,,,,Pass
25.0,6.0,wc_6,wc_2,0.0,"[('wc_2', 1), ('wc_6', 1), ('wc_8', 1), ('wc_10', 1), ('wc_11', 1), ('wc_14', 1), ('wc_15', 1), ('wc_16', 1), ('wc_17', 1)]",9.0,,,27.0,0.026459,['Pass'],Pass
25.0,6.0,wc_6,,0.0,,,,0.0,,,,Pass
25.0,6.0,wc_6,wc_3,0.0,"[('wc_6', 1), ('wc_8', 1), ('wc_10', 1), ('wc_11', 1), ('wc_14', 1), ('wc_15', 1), ('wc_16', 1), ('wc_17', 1), ('wc_2', 1)]",9.0,,,36.0,0.026486,['Pass'],Pass
25.0,6.0,wc_6,,0.0,,,,0.0,,,,Pass
25.0,6.0,wc_6,wc_4,0.0,"[('wc_6', 1), ('wc_8', 1), ('wc_10', 1), ('wc_11', 1), ('wc_14', 1), ('wc_15', 1), ('wc_16', 1), ('wc_17', 1), ('wc_2', 1)]",9.0,,,32.0,0.030370999999999995,['Pass'],Pass
25.0,6.0,wc_6,,0.0,,,,0.0,,,,Pass
25.0,6.0,wc_6,wc_5,1.0,"[('wc_5', 1), ('wc_6', 1), ('wc_8', 1), ('wc_10', 1), ('wc_11', 1), ('wc_14', 1), ('wc_15', 1), ('wc_16', 1), ('wc_17', 1), ('wc_2', 1)]",10.0,,,37.0,0.067805,['Pass'],Pass
29.0,10.0,wc_10,,0.0,,,,142.0,,,,Pass
29.0,10.0,wc_10,,0.0,,,76.0,,,,,Pass
29.0,10.0,wc_10,,0.0,,,,0.0,,,,Pass
29.0,10.0,wc_10,wc_10,0.0,"[('wc_10', 1)]",1.0,,,27.0,0.003925,['Pass'],Pass
29.0,10.0,wc_10,,0.0,,,,0.0,,,,Pass
29.0,10.0,wc_10,wc_11,0.0,"[('wc_11', 1), ('wc_10', 1)]",2.0,,,22.0,0.008774,['Pass'],Pass
29.0,10.0,wc_10,,0.0,,,,21.0,,,,Pass
29.0,10.0,wc_10,wc_6,0.0,"[('wc_6', 1), ('wc_10', 1), ('wc_11', 1)]",3.0,,,22.0,0.008598000000000001,['Pass'],Pass
29.0,10.0,wc_10,,0.0,,,,0.0,,,,Pass
29.0,10.0,wc_10,wc_7,0.0,"[('wc_7', 1), ('wc_10', 1), ('wc_11', 1), ('wc_6', 1)]",4.0,,,37.0,0.007409,['Pass'],Pass
29.0,10.0,wc_10,,0.0,,,,0.0,,,,Pass
29.0,10.0,wc_10,wc_8,0.0,"[('wc_8', 1), ('wc_10', 1), ('wc_11', 1), ('wc_6', 1), ('wc_7', 1)]",5.0,,,25.0,0.010179,['Pass'],Pass
29.0,10.0,wc_10,,0.0,,,,0.0,,,,Pass
29.0,10.0,wc_10,wc_9,0.0,"[('wc_9', 1), ('wc_10', 1), ('wc_11', 1), ('wc_6', 1), ('wc_7', 1), ('wc_8', 1)]",6.0,,,36.0,0.011408,['Pass'],Pass
29.0,10.0,wc_10,,0.0,,,,101.0,,,,Pass
29.0,10.0,wc_10,wc_12,0.0,"[('wc_12', 1), ('wc_10', 1), ('wc_11', 1), ('wc_6', 1), ('wc_7', 1), ('wc_8', 1), ('wc_9', 1)]",7.0,,,35.0,0.014387,['Pass'],Pass
29.0,10.0,wc_10,,0.0,,,,0.0,,,,Pass
29.0,10.0,wc_10,wc_13,0.0,"[('wc_10', 1), ('wc_11', 1), ('wc_6', 1), ('wc_7', 1), ('wc_8', 1), ('wc_9', 1), ('wc_12', 1)]",7.0,,,21.0,0.018667,['Pass'],Pass
29.0,10.0,wc_10,,0.0,,,,0.0,,,,Pass
29.0,10.0,wc_10,wc_14,0.0,"[('wc_14', 1), ('wc_10', 1), ('wc_11', 1), ('wc_6', 1), ('wc_7', 1), ('wc_8', 1), ('wc_9', 1), ('wc_12', 1)]",8.0,,,37.0,0.017796,['Pass'],Pass
29.0,10.0,wc_10,,0.0,,,,0.0,,,,Pass
29.0,10.0,wc_10,wc_15,0.0,"[('wc_15', 1), ('wc_10', 1), ('wc_11', 1), ('wc_6', 1), ('wc_7', 1), ('wc_8', 1), ('wc_9', 1), ('wc_12', 1), ('wc_14', 1)]",9.0,,,23.0,0.019146999999999997,['Pass'],Pass
29.0,10.0,wc_10,,0.0,,,,0.0,,,,Pass
29.0,10.0,wc_10,wc_16,0.0,"[('wc_16', 1), ('wc_10', 1), ('wc_11', 1), ('wc_6', 1), ('wc_7', 1), ('wc_8', 1), ('wc_9', 1), ('wc_12', 1), ('wc_14', 1), ('wc_15', 1)]",10.0,,,22.0,0.019611,['Pass'],Pass
29.0,10.0,wc_10,,0.0,,,,0.0,,,,Pass
29.0,10.0,wc_10,wc_17,1.0,"[('wc_17', 1), ('wc_10', 1), ('wc_11', 1), ('wc_6', 1), ('wc_7', 1), ('wc_8', 1), ('wc_9', 1), ('wc_12', 1), ('wc_14', 1), ('wc_15', 1), ('wc_16', 1)]",11.0,,,38.0,0.055378,['Pass'],Pass
33.0,8.0,wc_8,,0.0,,,,223.0,,,,Fail
33.0,8.0,wc_8,,0.0,,,52.0,,,,,Fail
33.0,8.0,wc_8,,0.0,,,,0.0,,,,Fail
33.0,8.0,wc_8,wc_8,0.0,"[('wc_8', 1)]",1.0,,,39.0,0.003053,['Fail'],Fail
33.0,8.0,wc_8,,0.0,,,,0.0,,,,Fail
33.0,8.0,wc_8,wc_9,0.0,"[('wc_9', 1), ('wc_8', 1)]",2.0,,,38.0,0.0039310000000000005,['Fail'],Fail
33.0,8.0,wc_8,,0.0,,,,0.0,,,,Fail
33.0,8.0,wc_8,wc_10,0.0,"[('wc_10', 1), ('wc_8', 1), ('wc_9', 1)]",3.0,,,33.0,0.006033,['Fail'],Fail
33.0,8.0,wc_8,,0.0,,,,0.0,,,,Fail
33.0,8.0,wc_8,wc_11,0.0,"[('wc_11', 1), ('wc_8', 1), ('wc_9', 1), ('wc_10', 1)]",4.0,,,30.0,0.0076170000000000005,['Fail'],Fail
33.0,8.0,wc_8,,0.0,,,,21.0,,,,Fail
33.0,8.0,wc_8,wc_6,0.0,"[('wc_6', 1), ('wc_8', 1), ('wc_9', 1), ('wc_10', 1), ('wc_11', 1)]",5.0,,,34.0,0.012322,['Fail'],Fail
33.0,8.0,wc_8,,0.0,,,,0.0,,,,Fail
33.0,8.0,wc_8,wc_7,0.0,"[('wc_7', 1), ('wc_8', 1), ('wc_9', 1), ('wc_10', 1), ('wc_11', 1), ('wc_6', 1)]",6.0,,,23.0,0.015441000000000002,['Fail'],Fail
33.0,8.0,wc_8,,0.0,,,,142.0,,,,Fail
33.0,8.0,wc_8,wc_12,0.0,"[('wc_12', 1), ('wc_8', 1), ('wc_9', 1), ('wc_10', 1), ('wc_11', 1), ('wc_6', 1), ('wc_7', 1)]",7.0,,,21.0,0.013869000000000003,['Fail'],Fail
33.0,8.0,wc_8,,0.0,,,,0.0,,,,Fail
33.0,8.0,wc_8,wc_13,0.0,"[('wc_13', 1), ('wc_8', 1), ('wc_9', 1), ('wc_10', 1), ('wc_11', 1), ('wc_6', 1), ('wc_7', 1), ('wc_12', 1)]",8.0,,,23.0,0.015560999999999998,['Fail'],Fail
33.0,8.0,wc_8,,0.0,,,,0.0,,,,Fail
33.0,8.0,wc_8,wc_14,0.0,"[('wc_14', 1), ('wc_8', 1), ('wc_9', 1), ('wc_10', 1), ('wc_11', 1), ('wc_6', 1), ('wc_7', 1), ('wc_12', 1), ('wc_13', 1)]",9.0,,,31.0,0.016437,['Fail'],Fail
33.0,8.0,wc_8,,0.0,,,,0.0,,,,Fail
33.0,8.0,wc_8,wc_15,0.0,"[('wc_15', 1), ('wc_8', 1), ('wc_9', 1), ('wc_10', 1), ('wc_11', 1), ('wc_6', 1), ('wc_7', 1), ('wc_12', 1), ('wc_13', 1), ('wc_14', 1)]",10.0,,,28.0,0.020649,['Fail'],Fail
33.0,8.0,wc_8,,0.0,,,,0.0,,,,Fail
33.0,8.0,wc_8,wc_16,1.0,"[('wc_16', 1), ('wc_8', 1), ('wc_9', 1), ('wc_10', 1), ('wc_11', 1), ('wc_6', 1), ('wc_7', 1), ('wc_12', 1), ('wc_13', 1), ('wc_14', 1), ('wc_15', 1)]",11.0,,,23.0,0.054139,['Fail'],Fail
35.0,7.0,wc_7,,0.0,,,,223.0,,,,Fail
35.0,7.0,wc_7,,0.0,,,59.0,,,,,Fail
35.0,7.0,wc_7,,0.0,,,,0.0,,,,Fail
35.0,7.0,wc_7,wc_7,0.0,"[('wc_7', 1)]",1.0,,,33.0,0.002349,['Fail'],Fail
35.0,7.0,wc_7,,0.0,,,,0.0,,,,Fail
35.0,7.0,wc_7,wc_8,0.0,"[('wc_8', 1), ('wc_7', 1)]",2.0,,,27.0,0.005235,['Fail'],Fail
35.0,7.0,wc_7,,0.0,,,,0.0,,,,Fail
35.0,7.0,wc_7,wc_9,0.0,"[('wc_9', 1), ('wc_7', 1), ('wc_8', 1)]",3.0,,,26.0,0.006366,['Fail'],Fail
35.0,7.0,wc_7,,0.0,,,,0.0,,,,Fail
35.0,7.0,wc_7,wc_10,0.0,"[('wc_10', 1), ('wc_7', 1), ('wc_8', 1), ('wc_9', 1)]",4.0,,,39.0,0.008591,['Fail'],Fail
35.0,7.0,wc_7,,0.0,,,,0.0,,,,Fail
35.0,7.0,wc_7,wc_11,0.0,"[('wc_11', 1), ('wc_7', 1), ('wc_8', 1), ('wc_9', 1), ('wc_10', 1)]",5.0,,,20.0,0.010514,['Fail'],Fail
35.0,7.0,wc_7,,0.0,,,,21.0,,,,Fail
35.0,7.0,wc_7,wc_6,0.0,"[('wc_6', 1), ('wc_7', 1), ('wc_8', 1), ('wc_9', 1), ('wc_10', 1), ('wc_11', 1)]",6.0,,,39.0,0.011231000000000001,['Fail'],Fail
35.0,7.0,wc_7,,0.0,,,,162.0,,,,Fail
35.0,7.0,wc_7,wc_12,0.0,"[('wc_12', 1), ('wc_7', 1), ('wc_8', 1), ('wc_9', 1), ('wc_10', 1), ('wc_11', 1), ('wc_6', 1)]",7.0,,,26.0,0.014258999999999999,['Fail'],Fail
35.0,7.0,wc_7,,0.0,,,,0.0,,,,Fail
35.0,7.0,wc_7,wc_13,0.0,"[('wc_7', 1), ('wc_8', 1), ('wc_9', 1), ('wc_10', 1), ('wc_11', 1), ('wc_6', 1), ('wc_12', 1)]",7.0,,,35.0,0.015183,['Fail'],Fail
35.0,7.0,wc_7,,0.0,,,,0.0,,,,Fail
35.0,7.0,wc_7,wc_14,0.0,"[('wc_14', 1), ('wc_7', 1), ('wc_8', 1), ('wc_9', 1), ('wc_10', 1), ('wc_11', 1), ('wc_6', 1), ('wc_12', 1)]",8.0,,,38.0,0.018296,['Fail'],Fail
35.0,7.0,wc_7,,0.0,,,,0.0,,,,Fail
35.0,7.0,wc_7,wc_15,0.0,"[('wc_15', 1), ('wc_7', 1), ('wc_8', 1), ('wc_9', 1), ('wc_10', 1), ('wc_11', 1), ('wc_6', 1), ('wc_12', 1), ('wc_14', 1)]",9.0,,,37.0,0.021261999999999996,['Fail'],Fail
35.0,7.0,wc_7,,0.0,,,,0.0,,,,Fail
35.0,7.0,wc_7,wc_16,0.0,"[('wc_16', 1), ('wc_7', 1), ('wc_8', 1), ('wc_9', 1), ('wc_10', 1), ('wc_11', 1), ('wc_6', 1), ('wc_12', 1), ('wc_14', 1), ('wc_15', 1)]",10.0,,,21.0,0.020391,['Fail'],Fail
35.0,7.0,wc_7,,0.0,,,,0.0,,,,Fail
35.0,7.0,wc_7,wc_17,1.0,"[('wc_17', 1), ('wc_7', 1), ('wc_8', 1), ('wc_9', 1), ('wc_10', 1), ('wc_11', 1), ('wc_6', 1), ('wc_12', 1), ('wc_14', 1), ('wc_15', 1), ('wc_16', 1)]",11.0,,,34.0,0.05906800000000001,['Fail'],Fail
38.0,7.0,wc_7,,0.0,,,,203.0,,,,Pass
38.0,7.0,wc_7,,0.0,,,65.0,,,,,Pass
38.0,7.0,wc_7,,0.0,,,,0.0,,,,Pass
38.0,7.0,wc_7,wc_7,0.0,"[('wc_7', 1)]",1.0,,,22.0,0.002422,['Pass'],Pass
38.0,7.0,wc_7,,0.0,,,,0.0,,,,Pass
38.0,7.0,wc_7,wc_8,0.0,"[('wc_8', 1), ('wc_7', 1)]",2.0,,,25.0,0.005171,['Pass'],Pass
38.0,7.0,wc_7,,0.0,,,,0.0,,,,Pass
38.0,7.0,wc_7,wc_9,0.0,"[('wc_9', 1), ('wc_7', 1), ('wc_8', 1)]",3.0,,,22.0,0.0059359999999999994,['Pass'],Pass
38.0,7.0,wc_7,,0.0,,,,0.0,,,,Pass
38.0,7.0,wc_7,wc_10,0.0,"[('wc_10', 1), ('wc_7', 1), ('wc_8', 1), ('wc_9', 1)]",4.0,,,21.0,0.007744,['Pass'],Pass
38.0,7.0,wc_7,,0.0,,,,0.0,,,,Pass
38.0,7.0,wc_7,wc_11,0.0,"[('wc_11', 1), ('wc_7', 1), ('wc_8', 1), ('wc_9', 1), ('wc_10', 1)]",5.0,,,35.0,0.010504,['Pass'],Pass
38.0,7.0,wc_7,,0.0,,,,21.0,,,,Pass
38.0,7.0,wc_7,wc_6,0.0,"[('wc_6', 1), ('wc_7', 1), ('wc_8', 1), ('wc_9', 1), ('wc_10', 1), ('wc_11', 1)]",6.0,,,32.0,0.011398,['Pass'],Pass
38.0,7.0,wc_7,,0.0,,,,162.0,,,,Pass
38.0,7.0,wc_7,wc_12,0.0,"[('wc_7', 1), ('wc_8', 1), ('wc_9', 1), ('wc_10', 1), ('wc_11', 1), ('wc_6', 1)]",6.0,,,40.0,0.013995,['Pass'],Pass
38.0,7.0,wc_7,,0.0,,,,0.0,,,,Pass
38.0,7.0,wc_7,wc_13,0.0,"[('wc_13', 1), ('wc_7', 1), ('wc_8', 1), ('wc_9', 1), ('wc_10', 1), ('wc_11', 1), ('wc_6', 1)]",7.0,,,24.0,0.016216,['Pass'],Pass
38.0,7.0,wc_7,,0.0,,,,0.0,,,,Pass
38.0,7.0,wc_7,wc_14,0.0,"[('wc_14', 1), ('wc_7', 1), ('wc_8', 1), ('wc_9', 1), ('wc_10', 1), ('wc_11', 1), ('wc_6', 1), ('wc_13', 1)]",8.0,,,38.0,0.016826,['Pass'],Pass
38.0,7.0,wc_7,,0.0,,,,0.0,,,,Pass
38.0,7.0,wc_7,wc_15,0.0,"[('wc_7', 1), ('wc_8', 1), ('wc_9', 1), ('wc_10', 1), ('wc_11', 1), ('wc_6', 1), ('wc_13', 1), ('wc_14', 1)]",8.0,,,26.0,0.019629,['Pass'],Pass
38.0,7.0,wc_7,,0.0,,,,0.0,,,,Pass
38.0,7.0,wc_7,wc_16,0.0,"[('wc_7', 1), ('wc_8', 1), ('wc_9', 1), ('wc_10', 1), ('wc_11', 1), ('wc_6', 1), ('wc_13', 1), ('wc_14', 1)]",8.0,,,31.0,0.022507,['Pass'],Pass
38.0,7.0,wc_7,,0.0,,,,0.0,,,,Pass
38.0,7.0,wc_7,wc_17,0.0,"[('wc_7', 1), ('wc_8', 1), ('wc_9', 1), ('wc_10', 1), ('wc_11', 1), ('wc_6', 1), ('wc_13', 1), ('wc_14', 1)]",8.0,,,21.0,0.025234999999999994,['Pass'],Pass
38.0,7.0,wc_7,,0.0,,,,243.0,,,,Pass
38.0,7.0,wc_7,wc_1,0.0,"[('wc_7', 1), ('wc_8', 1), ('wc_9', 1), ('wc_10', 1), ('wc_11', 1), ('wc_6', 1), ('wc_13', 1), ('wc_14', 1)]",8.0,,,22.0,0.026874,['Pass'],Pass
38.0,7.0,wc_7,,0.0,,,,0.0,,,,Pass
38.0,7.0,wc_7,wc_2,0.0,"[('wc_7', 1), ('wc_8', 1), ('wc_9', 1), ('wc_10', 1), ('wc_11', 1), ('wc_6', 1), ('wc_13', 1), ('wc_14', 1)]",8.0,,,24.0,0.025962000000000006,['Pass'],Pass
38.0,7.0,wc_7,,0.0,,,,0.0,,,,Pass
38.0,7.0,wc_7,wc_3,0.0,"[('wc_3', 1), ('wc_7', 1), ('wc_8', 1), ('wc_9', 1), ('wc_10', 1), ('wc_11', 1), ('wc_6', 1), ('wc_13', 1), ('wc_14', 1)]",9.0,,,24.0,0.028009999999999993,['Pass'],Pass
38.0,7.0,wc_7,,0.0,,,,0.0,,,,Pass
38.0,7.0,wc_7,wc_4,0.0,"[('wc_4', 1), ('wc_7', 1), ('wc_8', 1), ('wc_9', 1), ('wc_10', 1), ('wc_11', 1), ('wc_6', 1), ('wc_13', 1), ('wc_14', 1), ('wc_3', 1)]",10.0,,,34.0,0.029384999999999998,['Pass'],Pass
38.0,7.0,wc_7,,0.0,,,,0.0,,,,Pass
38.0,7.0,wc_7,wc_5,1.0,"[('wc_5', 1), ('wc_7', 1), ('wc_8', 1), ('wc_9', 1), ('wc_10', 1), ('wc_11', 1), ('wc_6', 1), ('wc_13', 1), ('wc_14', 1), ('wc_3', 1), ('wc_4', 1)]",11.0,,,33.0,0.078642,['Pass'],Pass
41.0,8.0,wc_8,,0.0,,,,101.0,,,,Pass
41.0,8.0,wc_8,,0.0,,,58.0,,,,,Pass
41.0,8.0,wc_8,,0.0,,,,0.0,,,,Pass
41.0,8.0,wc_8,wc_8,0.0,"[('wc_8', 1)]",1.0,,,21.0,0.002309,['Pass'],Pass
41.0,8.0,wc_8,,0.0,,,,0.0,,,,Pass
41.0,8.0,wc_8,wc_9,0.0,"[('wc_9', 1), ('wc_8', 1)]",2.0,,,32.0,0.004407,['Pass'],Pass
41.0,8.0,wc_8,,0.0,,,,0.0,,,,Pass
41.0,8.0,wc_8,wc_10,0.0,"[('wc_10', 1), ('wc_8', 1), ('wc_9', 1)]",3.0,,,24.0,0.005769,['Pass'],Pass
41.0,8.0,wc_8,,0.0,,,,0.0,,,,Pass
41.0,8.0,wc_8,wc_11,0.0,"[('wc_11', 1), ('wc_8', 1), ('wc_9', 1), ('wc_10', 1)]",4.0,,,26.0,0.007890999999999999,['Pass'],Pass
41.0,8.0,wc_8,,0.0,,,,21.0,,,,Pass
41.0,8.0,wc_8,wc_6,0.0,"[('wc_6', 1), ('wc_8', 1), ('wc_9', 1), ('wc_10', 1), ('wc_11', 1)]",5.0,,,37.0,0.011196,['Pass'],Pass
41.0,8.0,wc_8,,0.0,,,,0.0,,,,Pass
41.0,8.0,wc_8,wc_7,0.0,"[('wc_7', 1), ('wc_8', 1), ('wc_9', 1), ('wc_10', 1), ('wc_11', 1), ('wc_6', 1)]",6.0,,,40.0,0.011607,['Pass'],Pass
41.0,8.0,wc_8,,0.0,,,,142.0,,,,Pass
41.0,8.0,wc_8,wc_12,0.0,"[('wc_12', 1), ('wc_8', 1), ('wc_9', 1), ('wc_10', 1), ('wc_11', 1), ('wc_6', 1), ('wc_7', 1)]",7.0,,,38.0,0.013382,['Pass'],Pass
41.0,8.0,wc_8,,0.0,,,,0.0,,,,Pass
41.0,8.0,wc_8,wc_13,0.0,"[('wc_13', 1), ('wc_8', 1), ('wc_9', 1), ('wc_10', 1), ('wc_11', 1), ('wc_6', 1), ('wc_7', 1), ('wc_12', 1)]",8.0,,,33.0,0.014635,['Pass'],Pass
41.0,8.0,wc_8,,0.0,,,,0.0,,,,Pass
41.0,8.0,wc_8,wc_14,0.0,"[('wc_14', 1), ('wc_8', 1), ('wc_9', 1), ('wc_10', 1), ('wc_11', 1), ('wc_6', 1), ('wc_7', 1), ('wc_12', 1), ('wc_13', 1)]",9.0,,,23.0,0.019145,['Pass'],Pass
41.0,8.0,wc_8,,0.0,,,,0.0,,,,Pass
41.0,8.0,wc_8,wc_15,0.0,"[('wc_15', 1), ('wc_8', 1), ('wc_9', 1), ('wc_10', 1), ('wc_11', 1), ('wc_6', 1), ('wc_7', 1), ('wc_12', 1), ('wc_13', 1), ('wc_14', 1)]",10.0,,,23.0,0.021339999999999998,['Pass'],Pass
41.0,8.0,wc_8,,0.0,,,,0.0,,,,Pass
41.0,8.0,wc_8,wc_16,1.0,"[('wc_16', 1), ('wc_8', 1), ('wc_9', 1), ('wc_10', 1), ('wc_11', 1), ('wc_6', 1), ('wc_7', 1), ('wc_12', 1), ('wc_13', 1), ('wc_14', 1), ('wc_15', 1)]",11.0,,,25.0,0.063476,['Pass'],Pass
43.0,11.0,wc_11,,0.0,,,,382.0,,,,Fail
43.0,11.0,wc_11,,0.0,,,50.0,,,,,Fail
43.0,11.0,wc_11,,0.0,,,,0.0,,,,Fail
43.0,11.0,wc_11,wc_11,0.0,"[('wc_11', 1)]",1.0,,,35.0,0.001963,['Fail'],Fail
43.0,11.0,wc_11,,0.0,,,,21.0,,,,Fail
43.0,11.0,wc_11,wc_6,0.0,"[('wc_6', 1), ('wc_11', 1)]",2.0,,,27.0,0.004932000000000001,['Fail'],Fail
43.0,11.0,wc_11,,0.0,,,,0.0,,,,Fail
43.0,11.0,wc_11,wc_7,0.0,"[('wc_7', 1), ('wc_11', 1), ('wc_6', 1)]",3.0,,,31.0,0.006566,['Fail'],Fail
43.0,11.0,wc_11,,0.0,,,,0.0,,,,Fail
43.0,11.0,wc_11,wc_8,0.0,"[('wc_8', 1), ('wc_11', 1), ('wc_6', 1), ('wc_7', 1)]",4.0,,,37.0,0.008435,['Fail'],Fail
43.0,11.0,wc_11,,0.0,,,,0.0,,,,Fail
43.0,11.0,wc_11,wc_9,0.0,"[('wc_9', 1), ('wc_11', 1), ('wc_6', 1), ('wc_7', 1), ('wc_8', 1)]",5.0,,,36.0,0.010171999999999999,['Fail'],Fail
43.0,11.0,wc_11,,0.0,,,,0.0,,,,Fail
43.0,11.0,wc_11,wc_10,0.0,"[('wc_10', 1), ('wc_11', 1), ('wc_6', 1), ('wc_7', 1), ('wc_8', 1), ('wc_9', 1)]",6.0,,,27.0,0.013623,['Fail'],Fail
43.0,11.0,wc_11,,0.0,,,,81.0,,,,Fail
43.0,11.0,wc_11,wc_12,0.0,"[('wc_11', 1), ('wc_6', 1), ('wc_7', 1), ('wc_8', 1), ('wc_9', 1), ('wc_10', 1)]",6.0,,,36.0,0.013007999999999999,['Fail'],Fail
43.0,11.0,wc_11,,0.0,,,,0.0,,,,Fail
43.0,11.0,wc_11,wc_13,0.0,"[('wc_13', 1), ('wc_11', 1), ('wc_6', 1), ('wc_7', 1), ('wc_8', 1), ('wc_9', 1), ('wc_10', 1)]",7.0,,,24.0,0.016541,['Fail'],Fail
43.0,11.0,wc_11,,0.0,,,,0.0,,,,Fail
43.0,11.0,wc_11,wc_14,0.0,"[('wc_11', 1), ('wc_6', 1), ('wc_7', 1), ('wc_8', 1), ('wc_9', 1), ('wc_10', 1), ('wc_13', 1)]",7.0,,,22.0,0.018192,['Fail'],Fail
43.0,11.0,wc_11,,0.0,,,,0.0,,,,Fail
43.0,11.0,wc_11,wc_15,0.0,"[('wc_11', 1), ('wc_6', 1), ('wc_7', 1), ('wc_8', 1), ('wc_9', 1), ('wc_10', 1), ('wc_13', 1)]",7.0,,,36.0,0.023207000000000002,['Fail'],Fail
43.0,11.0,wc_11,,0.0,,,,0.0,,,,Fail
43.0,11.0,wc_11,wc_16,0.0,"[('wc_16', 1), ('wc_11', 1), ('wc_6', 1), ('wc_7', 1), ('wc_8', 1), ('wc_9', 1), ('wc_10', 1), ('wc_13', 1)]",8.0,,,26.0,0.019851000000000004,['Fail'],Fail
43.0,11.0,wc_11,,0.0,,,,0.0,,,,Fail
43.0,11.0,wc_11,wc_17,0.0,"[('wc_17', 1), ('wc_11', 1), ('wc_6', 1), ('wc_7', 1), ('wc_8', 1), ('wc_9', 1), ('wc_10', 1), ('wc_13', 1), ('wc_16', 1)]",9.0,,,35.0,0.022168,['Fail'],Fail
43.0,11.0,wc_11,,0.0,,,,243.0,,,,Fail
43.0,11.0,wc_11,wc_1,0.0,"[('wc_11', 1), ('wc_6', 1), ('wc_7', 1), ('wc_8', 1), ('wc_9', 1), ('wc_10', 1), ('wc_13', 1), ('wc_16', 1), ('wc_17', 1)]",9.0,,,23.0,0.025892999999999996,['Fail'],Fail
43.0,11.0,wc_11,,0.0,,,,0.0,,,,Fail
43.0,11.0,wc_11,wc_2,0.0,"[('wc_11', 1), ('wc_6', 1), ('wc_7', 1), ('wc_8', 1), ('wc_9', 1), ('wc_10', 1), ('wc_13', 1), ('wc_16', 1), ('wc_17', 1)]",9.0,,,29.0,0.046336,['Fail'],Fail
43.0,11.0,wc_11,,0.0,,,,0.0,,,,Fail
43.0,11.0,wc_11,wc_3,0.0,"[('wc_3', 1), ('wc_11', 1), ('wc_6', 1), ('wc_7', 1), ('wc_8', 1), ('wc_9', 1), ('wc_10', 1), ('wc_13', 1), ('wc_16', 1), ('wc_17', 1)]",10.0,,,28.0,0.030203999999999995,['Fail'],Fail
43.0,11.0,wc_11,,0.0,,,,0.0,,,,Fail
43.0,11.0,wc_11,wc_4,1.0,"[('wc_4', 1), ('wc_11', 1), ('wc_6', 1), ('wc_7', 1), ('wc_8', 1), ('wc_9', 1), ('wc_10', 1), ('wc_13', 1), ('wc_16', 1), ('wc_17', 1), ('wc_3', 1)]",11.0,,,30.0,0.07822699999999999,['Fail'],Fail
47.0,11.0,wc_11,,0.0,,,,182.0,,,,Fail
47.0,11.0,wc_11,,0.0,,,66.0,,,,,Fail
47.0,11.0,wc_11,,0.0,,,,0.0,,,,Fail
47.0,11.0,wc_11,wc_11,0.0,"[('wc_11', 1)]",1.0,,,23.0,0.002068,['Fail'],Fail
47.0,11.0,wc_11,,0.0,,,,21.0,,,,Fail
47.0,11.0,wc_11,wc_6,0.0,"[('wc_6', 1)]",1.0,,,38.0,0.004404,['Pass'],Fail
47.0,11.0,wc_11,,0.0,,,,0.0,,,,Fail
47.0,11.0,wc_11,wc_7,0.0,"[('wc_7', 1), ('wc_11', 1)]",2.0,,,38.0,0.006265,['Fail'],Fail
47.0,11.0,wc_11,,0.0,,,,0.0,,,,Fail
47.0,11.0,wc_11,wc_8,0.0,"[('wc_8', 1), ('wc_11', 1), ('wc_7', 1)]",3.0,,,26.0,0.009431000000000002,['Fail'],Fail
47.0,11.0,wc_11,,0.0,,,,0.0,,,,Fail
47.0,11.0,wc_11,wc_9,0.0,"[('wc_9', 1), ('wc_11', 1), ('wc_7', 1), ('wc_8', 1)]",4.0,,,39.0,0.010662999999999999,['Fail'],Fail
47.0,11.0,wc_11,,0.0,,,,0.0,,,,Fail
47.0,11.0,wc_11,wc_10,0.0,"[('wc_10', 1), ('wc_11', 1), ('wc_7', 1), ('wc_8', 1), ('wc_9', 1)]",5.0,,,32.0,0.020242,['Fail'],Fail
47.0,11.0,wc_11,,0.0,,,,81.0,,,,Fail
47.0,11.0,wc_11,wc_12,0.0,"[('wc_12', 1), ('wc_11', 1), ('wc_7', 1), ('wc_8', 1), ('wc_9', 1), ('wc_10', 1)]",6.0,,,26.0,0.012825,['Fail'],Fail
47.0,11.0,wc_11,,0.0,,,,0.0,,,,Fail
47.0,11.0,wc_11,wc_13,0.0,"[('wc_11', 1), ('wc_7', 1), ('wc_8', 1), ('wc_9', 1), ('wc_10', 1), ('wc_12', 1)]",6.0,,,24.0,0.015373,['Fail'],Fail
47.0,11.0,wc_11,,0.0,,,,0.0,,,,Fail
47.0,11.0,wc_11,wc_14,0.0,"[('wc_14', 1), ('wc_11', 1), ('wc_7', 1), ('wc_8', 1), ('wc_9', 1), ('wc_10', 1), ('wc_12', 1)]",7.0,,,34.0,0.016006999999999997,['Fail'],Fail
47.0,11.0,wc_11,,0.0,,,,0.0,,,,Fail
47.0,11.0,wc_11,wc_15,0.0,"[('wc_11', 1), ('wc_7', 1), ('wc_8', 1), ('wc_9', 1), ('wc_10', 1), ('wc_12', 1), ('wc_14', 1)]",7.0,,,26.0,0.017148,['Fail'],Fail
47.0,11.0,wc_11,,0.0,,,,0.0,,,,Fail
47.0,11.0,wc_11,wc_16,0.0,"[('wc_16', 1), ('wc_11', 1), ('wc_7', 1), ('wc_8', 1), ('wc_9', 1), ('wc_10', 1), ('wc_12', 1), ('wc_14', 1)]",8.0,,,33.0,0.020241,['Fail'],Fail
47.0,11.0,wc_11,,0.0,,,,0.0,,,,Fail
47.0,11.0,wc_11,wc_17,0.0,"[('wc_11', 1), ('wc_7', 1), ('wc_8', 1), ('wc_9', 1), ('wc_10', 1), ('wc_12', 1), ('wc_14', 1), ('wc_16', 1)]",8.0,,,39.0,0.022490000000000003,['Fail'],Fail
47.0,11.0,wc_11,,0.0,,,,243.0,,,,Fail
47.0,11.0,wc_11,wc_1,0.0,"[('wc_1', 1), ('wc_11', 1), ('wc_7', 1), ('wc_8', 1), ('wc_9', 1), ('wc_10', 1), ('wc_12', 1), ('wc_14', 1), ('wc_16', 1)]",9.0,,,30.0,0.022978000000000002,['Fail'],Fail
47.0,11.0,wc_11,,0.0,,,,0.0,,,,Fail
47.0,11.0,wc_11,wc_2,0.0,"[('wc_11', 1), ('wc_7', 1), ('wc_8', 1), ('wc_9', 1), ('wc_10', 1), ('wc_12', 1), ('wc_14', 1), ('wc_16', 1), ('wc_1', 1)]",9.0,,,33.0,0.024514999999999995,['Fail'],Fail
47.0,11.0,wc_11,,0.0,,,,0.0,,,,Fail
47.0,11.0,wc_11,wc_3,0.0,"[('wc_3', 1), ('wc_11', 1), ('wc_7', 1), ('wc_8', 1), ('wc_9', 1), ('wc_10', 1), ('wc_12', 1), ('wc_14', 1), ('wc_16', 1), ('wc_1', 1)]",10.0,,,30.0,0.029065999999999995,['Fail'],Fail
47.0,11.0,wc_11,,0.0,,,,0.0,,,,Fail
47.0,11.0,wc_11,wc_4,1.0,"[('wc_4', 1), ('wc_11', 1), ('wc_7', 1), ('wc_8', 1), ('wc_9', 1), ('wc_10', 1), ('wc_12', 1), ('wc_14', 1), ('wc_16', 1), ('wc_1', 1), ('wc_3', 1)]",11.0,,,36.0,0.06339600000000001,['Fail'],Fail
51.0,11.0,wc_11,,0.0,,,,182.0,,,,Fail
51.0,11.0,wc_11,,0.0,,,55.0,,,,,Fail
51.0,11.0,wc_11,,0.0,,,,0.0,,,,Fail
51.0,11.0,wc_11,wc_11,0.0,"[('wc_11', 1)]",1.0,,,37.0,0.002476,['Pass'],Fail
51.0,11.0,wc_11,,0.0,,,,21.0,,,,Fail
51.0,11.0,wc_11,wc_6,0.0,"[('wc_6', 1), ('wc_11', 1)]",2.0,,,27.0,0.004179,['Pass'],Fail
51.0,11.0,wc_11,,0.0,,,,0.0,,,,Fail
51.0,11.0,wc_11,wc_7,0.0,"[('wc_11', 1), ('wc_6', 1)]",2.0,,,40.0,0.0063230000000000005,['Pass'],Fail
51.0,11.0,wc_11,,0.0,,,,0.0,,,,Fail
51.0,11.0,wc_11,wc_8,0.0,"[('wc_11', 1), ('wc_6', 1)]",2.0,,,22.0,0.0075840000000000005,['Pass'],Fail
51.0,11.0,wc_11,,0.0,,,,0.0,,,,Fail
51.0,11.0,wc_11,wc_9,0.0,"[('wc_9', 1), ('wc_7', 1), ('wc_8', 1)]",3.0,,,37.0,0.009623999999999999,['Fail'],Fail
51.0,11.0,wc_11,,0.0,,,,0.0,,,,Fail
51.0,11.0,wc_11,wc_10,0.0,"[('wc_10', 1), ('wc_7', 1), ('wc_8', 1), ('wc_9', 1)]",4.0,,,29.0,0.015761999999999998,['Fail'],Fail
51.0,11.0,wc_11,,0.0,,,,81.0,,,,Fail
51.0,11.0,wc_11,wc_12,0.0,"[('wc_12', 1), ('wc_7', 1), ('wc_8', 1), ('wc_9', 1), ('wc_10', 1)]",5.0,,,28.0,0.015178,['Fail'],Fail
51.0,11.0,wc_11,,0.0,,,,0.0,,,,Fail
51.0,11.0,wc_11,wc_13,0.0,"[('wc_7', 1), ('wc_8', 1), ('wc_9', 1), ('wc_10', 1), ('wc_12', 1)]",5.0,,,27.0,0.024471999999999997,['Fail'],Fail
51.0,11.0,wc_11,,0.0,,,,0.0,,,,Fail
51.0,11.0,wc_11,wc_14,0.0,"[('wc_7', 1), ('wc_8', 1), ('wc_9', 1), ('wc_10', 1), ('wc_12', 1)]",5.0,,,20.0,0.018585,['Fail'],Fail
51.0,11.0,wc_11,,0.0,,,,0.0,,,,Fail
51.0,11.0,wc_11,wc_15,0.0,"[('wc_15', 1), ('wc_7', 1), ('wc_8', 1), ('wc_9', 1), ('wc_10', 1), ('wc_12', 1)]",6.0,,,34.0,0.018501,['Fail'],Fail
51.0,11.0,wc_11,,0.0,,,,0.0,,,,Fail
51.0,11.0,wc_11,wc_16,0.0,"[('wc_16', 1), ('wc_7', 1), ('wc_8', 1), ('wc_9', 1), ('wc_10', 1), ('wc_12', 1), ('wc_15', 1)]",7.0,,,33.0,0.023556999999999998,['Fail'],Fail
51.0,11.0,wc_11,,0.0,,,,0.0,,,,Fail
51.0,11.0,wc_11,wc_17,0.0,"[('wc_17', 1), ('wc_7', 1), ('wc_8', 1), ('wc_9', 1), ('wc_10', 1), ('wc_12', 1), ('wc_15', 1), ('wc_16', 1)]",8.0,,,35.0,0.024891,['Fail'],Fail
51.0,11.0,wc_11,,0.0,,,,243.0,,,,Fail
51.0,11.0,wc_11,wc_1,0.0,"[('wc_7', 1), ('wc_8', 1), ('wc_9', 1), ('wc_10', 1), ('wc_12', 1), ('wc_15', 1), ('wc_16', 1), ('wc_17', 1)]",8.0,,,22.0,0.023611999999999998,['Fail'],Fail
51.0,11.0,wc_11,,0.0,,,,0.0,,,,Fail
51.0,11.0,wc_11,wc_2,0.0,"[('wc_7', 1), ('wc_8', 1), ('wc_9', 1), ('wc_10', 1), ('wc_12', 1), ('wc_15', 1), ('wc_16', 1), ('wc_17', 1)]",8.0,,,40.0,0.025013,['Fail'],Fail
51.0,11.0,wc_11,,0.0,,,,0.0,,,,Fail
51.0,11.0,wc_11,wc_3,0.0,"[('wc_3', 1), ('wc_7', 1), ('wc_8', 1), ('wc_9', 1), ('wc_10', 1), ('wc_12', 1), ('wc_15', 1), ('wc_16', 1), ('wc_17', 1)]",9.0,,,22.0,0.027053000000000004,['Fail'],Fail
51.0,11.0,wc_11,,0.0,,,,0.0,,,,Fail
51.0,11.0,wc_11,wc_4,0.0,"[('wc_4', 1), ('wc_7', 1), ('wc_8', 1), ('wc_9', 1), ('wc_10', 1), ('wc_12', 1), ('wc_15', 1), ('wc_16', 1), ('wc_17', 1), ('wc_3', 1)]",10.0,,,21.0,0.030839000000000002,['Fail'],Fail
51.0,11.0,wc_11,,0.0,,,,0.0,,,,Fail
51.0,11.0,wc_11,wc_5,1.0,"[('wc_5', 1), ('wc_7', 1), ('wc_8', 1), ('wc_9', 1), ('wc_10', 1), ('wc_12', 1), ('wc_15', 1), ('wc_16', 1), ('wc_17', 1), ('wc_3', 1), ('wc_4', 1)]",11.0,,,21.0,0.068315,['Fail'],Fail
55.0,9.0,wc_9,,0.0,,,,122.0,,,,Pass
55.0,9.0,wc_9,,0.0,,,70.0,,,,,Pass
55.0,9.0,wc_9,,0.0,,,,0.0,,,,Pass
55.0,9.0,wc_9,wc_9,0.0,"[('wc_9', 1)]",1.0,,,40.0,0.002737,['Pass'],Pass
55.0,9.0,wc_9,,0.0,,,,0.0,,,,Pass
55.0,9.0,wc_9,wc_10,0.0,"[('wc_10', 1), ('wc_9', 1)]",2.0,,,32.0,0.0038079999999999998,['Pass'],Pass
55.0,9.0,wc_9,,0.0,,,,0.0,,,,Pass
55.0,9.0,wc_9,wc_11,0.0,"[('wc_11', 1), ('wc_9', 1), ('wc_10', 1)]",3.0,,,36.0,0.005784,['Pass'],Pass
55.0,9.0,wc_9,,0.0,,,,21.0,,,,Pass
55.0,9.0,wc_9,wc_6,0.0,"[('wc_6', 1), ('wc_9', 1), ('wc_10', 1), ('wc_11', 1)]",4.0,,,26.0,0.007303,['Pass'],Pass
55.0,9.0,wc_9,,0.0,,,,0.0,,,,Pass
55.0,9.0,wc_9,wc_7,0.0,"[('wc_7', 1), ('wc_9', 1), ('wc_10', 1), ('wc_11', 1), ('wc_6', 1)]",5.0,,,30.0,0.00914,['Pass'],Pass
55.0,9.0,wc_9,,0.0,,,,0.0,,,,Pass
55.0,9.0,wc_9,wc_8,0.0,"[('wc_8', 1), ('wc_9', 1), ('wc_10', 1), ('wc_11', 1), ('wc_6', 1), ('wc_7', 1)]",6.0,,,39.0,0.011398000000000002,['Pass'],Pass
55.0,9.0,wc_9,,0.0,,,,122.0,,,,Pass
55.0,9.0,wc_9,wc_12,0.0,"[('wc_12', 1), ('wc_9', 1), ('wc_10', 1), ('wc_11', 1), ('wc_6', 1), ('wc_7', 1), ('wc_8', 1)]",7.0,,,40.0,0.012556000000000001,['Pass'],Pass
55.0,9.0,wc_9,,0.0,,,,0.0,,,,Pass
55.0,9.0,wc_9,wc_13,0.0,"[('wc_9', 1), ('wc_10', 1), ('wc_11', 1), ('wc_6', 1), ('wc_7', 1), ('wc_8', 1), ('wc_12', 1)]",7.0,,,31.0,0.014676999999999999,['Pass'],Pass
55.0,9.0,wc_9,,0.0,,,,0.0,,,,Pass
55.0,9.0,wc_9,wc_14,0.0,"[('wc_9', 1), ('wc_10', 1), ('wc_11', 1), ('wc_6', 1), ('wc_7', 1), ('wc_8', 1), ('wc_12', 1)]",7.0,,,38.0,0.016430000000000004,['Pass'],Pass
55.0,9.0,wc_9,,0.0,,,,0.0,,,,Pass
55.0,9.0,wc_9,wc_15,0.0,"[('wc_9', 1), ('wc_10', 1), ('wc_11', 1), ('wc_6', 1), ('wc_7', 1), ('wc_8', 1), ('wc_12', 1)]",7.0,,,31.0,0.01921,['Pass'],Pass
55.0,9.0,wc_9,,0.0,,,,0.0,,,,Pass
55.0,9.0,wc_9,wc_16,0.0,"[('wc_16', 1), ('wc_9', 1), ('wc_10', 1), ('wc_11', 1), ('wc_6', 1), ('wc_7', 1), ('wc_8', 1), ('wc_12', 1)]",8.0,,,30.0,0.020787999999999997,['Pass'],Pass
55.0,9.0,wc_9,,0.0,,,,0.0,,,,Pass
55.0,9.0,wc_9,wc_17,0.0,"[('wc_17', 1), ('wc_9', 1), ('wc_10', 1), ('wc_11', 1), ('wc_6', 1), ('wc_7', 1), ('wc_8', 1), ('wc_12', 1), ('wc_16', 1)]",9.0,,,37.0,0.022893,['Pass'],Pass
55.0,9.0,wc_9,,0.0,,,,243.0,,,,Pass
55.0,9.0,wc_9,wc_1,0.0,"[('wc_1', 1), ('wc_9', 1), ('wc_10', 1), ('wc_11', 1), ('wc_6', 1), ('wc_7', 1), ('wc_8', 1), ('wc_12', 1), ('wc_16', 1), ('wc_17', 1)]",10.0,,,36.0,0.022644,['Pass'],Pass
55.0,9.0,wc_9,,0.0,,,,0.0,,,,Pass
55.0,9.0,wc_9,wc_2,1.0,"[('wc_2', 1), ('wc_9', 1), ('wc_10', 1), ('wc_11', 1), ('wc_6', 1), ('wc_7', 1), ('wc_8', 1), ('wc_12', 1), ('wc_16', 1), ('wc_17', 1), ('wc_1', 1)]",11.0,,,36.0,0.07280800000000001,['Pass'],Pass
59.0,11.0,wc_11,,0.0,,,,223.0,,,,Fail
59.0,11.0,wc_11,,0.0,,,59.0,,,,,Fail
59.0,11.0,wc_11,,0.0,,,,0.0,,,,Fail
59.0,11.0,wc_11,wc_11,0.0,"[('wc_11', 1)]",1.0,,,24.0,0.002525,['Fail'],Fail
59.0,11.0,wc_11,,0.0,,,,21.0,,,,Fail
59.0,11.0,wc_11,wc_6,0.0,"[('wc_6', 1)]",1.0,,,27.0,0.004385,['Pass'],Fail
59.0,11.0,wc_11,,0.0,,,,0.0,,,,Fail
59.0,11.0,wc_11,wc_7,0.0,"[('wc_7', 1), ('wc_11', 1)]",2.0,,,23.0,0.006102,['Fail'],Fail
59.0,11.0,wc_11,,0.0,,,,0.0,,,,Fail
59.0,11.0,wc_11,wc_8,0.0,"[('wc_8', 1), ('wc_11', 1), ('wc_7', 1)]",3.0,,,34.0,0.009248,['Fail'],Fail
59.0,11.0,wc_11,,0.0,,,,0.0,,,,Fail
59.0,11.0,wc_11,wc_9,0.0,"[('wc_11', 1), ('wc_7', 1), ('wc_8', 1)]",3.0,,,31.0,0.009648,['Fail'],Fail
59.0,11.0,wc_11,,0.0,,,,0.0,,,,Fail
59.0,11.0,wc_11,wc_10,0.0,"[('wc_10', 1), ('wc_6', 1), ('wc_9', 1)]",3.0,,,29.0,0.012870999999999999,['Pass'],Fail
59.0,11.0,wc_11,,0.0,,,,81.0,,,,Fail
59.0,11.0,wc_11,wc_12,0.0,"[('wc_12', 1), ('wc_6', 1), ('wc_9', 1), ('wc_10', 1)]",4.0,,,25.0,0.012955000000000001,['Pass'],Fail
59.0,11.0,wc_11,,0.0,,,,0.0,,,,Fail
59.0,11.0,wc_11,wc_13,0.0,"[('wc_13', 1), ('wc_6', 1), ('wc_9', 1), ('wc_10', 1), ('wc_12', 1)]",5.0,,,34.0,0.014949,['Pass'],Fail
59.0,11.0,wc_11,,0.0,,,,0.0,,,,Fail
59.0,11.0,wc_11,wc_14,0.0,"[('wc_6', 1), ('wc_9', 1), ('wc_10', 1), ('wc_12', 1), ('wc_13', 1)]",5.0,,,25.0,0.018202999999999997,['Pass'],Fail
59.0,11.0,wc_11,,0.0,,,,0.0,,,,Fail
59.0,11.0,wc_11,wc_15,0.0,"[('wc_15', 1), ('wc_6', 1), ('wc_9', 1), ('wc_10', 1), ('wc_12', 1), ('wc_13', 1)]",6.0,,,22.0,0.017669,['Pass'],Fail
59.0,11.0,wc_11,,0.0,,,,0.0,,,,Fail
59.0,11.0,wc_11,wc_16,0.0,"[('wc_6', 1), ('wc_9', 1), ('wc_10', 1), ('wc_12', 1), ('wc_13', 1), ('wc_15', 1)]",6.0,,,26.0,0.021408000000000003,['Pass'],Fail
59.0,11.0,wc_11,,0.0,,,,0.0,,,,Fail
59.0,11.0,wc_11,wc_17,0.0,"[('wc_6', 1), ('wc_9', 1), ('wc_10', 1), ('wc_12', 1), ('wc_13', 1), ('wc_15', 1)]",6.0,,,26.0,0.023780000000000003,['Pass'],Fail
59.0,11.0,wc_11,,0.0,,,,243.0,,,,Fail
59.0,11.0,wc_11,wc_1,0.0,"[('wc_1', 1), ('wc_11', 1), ('wc_7', 1), ('wc_8', 1), ('wc_14', 1), ('wc_16', 1), ('wc_17', 1)]",7.0,,,20.0,0.024903000000000005,['Fail'],Fail
59.0,11.0,wc_11,,0.0,,,,0.0,,,,Fail
59.0,11.0,wc_11,wc_2,0.0,"[('wc_2', 1), ('wc_6', 1), ('wc_9', 1), ('wc_10', 1), ('wc_12', 1), ('wc_13', 1), ('wc_15', 1)]",7.0,,,38.0,0.025963000000000003,['Pass'],Fail
59.0,11.0,wc_11,,0.0,,,,0.0,,,,Fail
59.0,11.0,wc_11,wc_3,0.0,"[('wc_3', 1), ('wc_11', 1), ('wc_7', 1), ('wc_8', 1), ('wc_14', 1), ('wc_16', 1), ('wc_17', 1), ('wc_1', 1)]",8.0,,,21.0,0.028818000000000003,['Fail'],Fail
59.0,11.0,wc_11,,0.0,,,,0.0,,,,Fail
59.0,11.0,wc_11,wc_4,0.0,"[('wc_4', 1), ('wc_11', 1), ('wc_7', 1), ('wc_8', 1), ('wc_14', 1), ('wc_16', 1), ('wc_17', 1), ('wc_1', 1), ('wc_3', 1)]",9.0,,,40.0,0.031097000000000003,['Fail'],Fail
59.0,11.0,wc_11,,0.0,,,,0.0,,,,Fail
59.0,11.0,wc_11,wc_5,1.0,"[('wc_11', 1), ('wc_7', 1), ('wc_8', 1), ('wc_14', 1), ('wc_16', 1), ('wc_17', 1), ('wc_1', 1), ('wc_3', 1), ('wc_4', 1)]",9.0,,,30.0,0.06778499999999998,['Fail'],Fail
63.0,11.0,wc_11,,0.0,,,,162.0,,,,Pass
63.0,11.0,wc_11,,0.0,,,52.0,,,,,Pass
63.0,11.0,wc_11,,0.0,,,,0.0,,,,Pass
63.0,11.0,wc_11,wc_11,0.0,"[('wc_11', 1)]",1.0,,,37.0,0.002741,['Pass'],Pass
63.0,11.0,wc_11,,0.0,,,,21.0,,,,Pass
63.0,11.0,wc_11,wc_6,0.0,"[('wc_6', 1), ('wc_11', 1)]",2.0,,,28.0,0.004291,['Pass'],Pass
63.0,11.0,wc_11,,0.0,,,,0.0,,,,Pass
63.0,11.0,wc_11,wc_7,0.0,"[('wc_7', 1), ('wc_11', 1), ('wc_6', 1)]",3.0,,,24.0,0.006353000000000001,['Pass'],Pass
63.0,11.0,wc_11,,0.0,,,,0.0,,,,Pass
63.0,11.0,wc_11,wc_8,0.0,"[('wc_8', 1), ('wc_11', 1), ('wc_6', 1), ('wc_7', 1)]",4.0,,,34.0,0.007405,['Pass'],Pass
63.0,11.0,wc_11,,0.0,,,,0.0,,,,Pass
63.0,11.0,wc_11,wc_9,0.0,"[('wc_9', 1), ('wc_11', 1), ('wc_6', 1), ('wc_7', 1), ('wc_8', 1)]",5.0,,,35.0,0.011309,['Pass'],Pass
63.0,11.0,wc_11,,0.0,,,,0.0,,,,Pass
63.0,11.0,wc_11,wc_10,0.0,"[('wc_11', 1), ('wc_6', 1), ('wc_7', 1), ('wc_8', 1), ('wc_9', 1)]",5.0,,,24.0,0.012741,['Pass'],Pass
63.0,11.0,wc_11,,0.0,,,,81.0,,,,Pass
63.0,11.0,wc_11,wc_12,0.0,"[('wc_12', 1), ('wc_11', 1), ('wc_6', 1), ('wc_7', 1), ('wc_8', 1), ('wc_9', 1)]",6.0,,,35.0,0.015505,['Pass'],Pass
63.0,11.0,wc_11,,0.0,,,,0.0,,,,Pass
63.0,11.0,wc_11,wc_13,0.0,"[('wc_13', 1), ('wc_11', 1), ('wc_6', 1), ('wc_7', 1), ('wc_8', 1), ('wc_9', 1), ('wc_12', 1)]",7.0,,,29.0,0.014769,['Pass'],Pass
63.0,11.0,wc_11,,0.0,,,,0.0,,,,Pass
63.0,11.0,wc_11,wc_14,0.0,"[('wc_11', 1), ('wc_6', 1), ('wc_7', 1), ('wc_8', 1), ('wc_9', 1), ('wc_12', 1), ('wc_13', 1)]",7.0,,,26.0,0.015968,['Pass'],Pass
63.0,11.0,wc_11,,0.0,,,,0.0,,,,Pass
63.0,11.0,wc_11,wc_15,0.0,"[('wc_11', 1), ('wc_6', 1), ('wc_7', 1), ('wc_8', 1), ('wc_9', 1), ('wc_12', 1), ('wc_13', 1)]",7.0,,,20.0,0.018246000000000002,['Pass'],Pass
63.0,11.0,wc_11,,0.0,,,,0.0,,,,Pass
63.0,11.0,wc_11,wc_16,0.0,"[('wc_16', 1), ('wc_11', 1), ('wc_6', 1), ('wc_7', 1), ('wc_8', 1), ('wc_9', 1), ('wc_12', 1), ('wc_13', 1)]",8.0,,,29.0,0.021453000000000003,['Pass'],Pass
63.0,11.0,wc_11,,0.0,,,,0.0,,,,Pass
63.0,11.0,wc_11,wc_17,0.0,"[('wc_17', 1), ('wc_11', 1), ('wc_6', 1), ('wc_7', 1), ('wc_8', 1), ('wc_9', 1), ('wc_12', 1), ('wc_13', 1), ('wc_16', 1)]",9.0,,,38.0,0.022104,['Pass'],Pass
63.0,11.0,wc_11,,0.0,,,,243.0,,,,Pass
63.0,11.0,wc_11,wc_1,0.0,"[('wc_11', 1), ('wc_6', 1), ('wc_7', 1), ('wc_8', 1), ('wc_9', 1), ('wc_12', 1), ('wc_13', 1), ('wc_16', 1), ('wc_17', 1)]",9.0,,,28.0,0.024934,['Pass'],Pass
63.0,11.0,wc_11,,0.0,,,,0.0,,,,Pass
63.0,11.0,wc_11,wc_2,0.0,"[('wc_11', 1), ('wc_6', 1), ('wc_7', 1), ('wc_8', 1), ('wc_9', 1), ('wc_12', 1), ('wc_13', 1), ('wc_16', 1), ('wc_17', 1)]",9.0,,,21.0,0.030208999999999996,['Pass'],Pass
63.0,11.0,wc_11,,0.0,,,,0.0,,,,Pass
63.0,11.0,wc_11,wc_3,0.0,"[('wc_11', 1), ('wc_6', 1), ('wc_7', 1), ('wc_8', 1), ('wc_9', 1), ('wc_12', 1), ('wc_13', 1), ('wc_16', 1), ('wc_17', 1)]",9.0,,,37.0,0.028388,['Pass'],Pass
63.0,11.0,wc_11,,0.0,,,,0.0,,,,Pass
63.0,11.0,wc_11,wc_4,0.0,"[('wc_4', 1), ('wc_11', 1), ('wc_6', 1), ('wc_7', 1), ('wc_8', 1), ('wc_9', 1), ('wc_12', 1), ('wc_13', 1), ('wc_16', 1), ('wc_17', 1)]",10.0,,,27.0,0.031710999999999996,['Pass'],Pass
63.0,11.0,wc_11,,0.0,,,,0.0,,,,Pass
63.0,11.0,wc_11,wc_5,1.0,"[('wc_11', 1), ('wc_6', 1), ('wc_7', 1), ('wc_8', 1), ('wc_9', 1), ('wc_12', 1), ('wc_13', 1), ('wc_16', 1), ('wc_17', 1), ('wc_4', 1)]",10.0,,,35.0,0.07578,['Pass'],Pass
68.0,12.0,wc_12,,0.0,,,,101.0,,,,Pass
68.0,12.0,wc_12,,0.0,,,74.0,,,,,Pass
68.0,12.0,wc_12,,0.0,,,,0.0,,,,Pass
68.0,12.0,wc_12,wc_12,0.0,"[('wc_12', 1)]",1.0,,,22.0,0.002445,['Fail'],Pass
68.0,12.0,wc_12,,0.0,,,,0.0,,,,Pass
68.0,12.0,wc_12,wc_13,0.0,"[('wc_13', 1)]",1.0,,,38.0,0.0040809999999999996,['Pass'],Pass
68.0,12.0,wc_12,,0.0,,,,0.0,,,,Pass
68.0,12.0,wc_12,wc_14,0.0,"[('wc_14', 1), ('wc_13', 1)]",2.0,,,20.0,0.005915999999999999,['Pass'],Pass
68.0,12.0,wc_12,,0.0,,,,0.0,,,,Pass
68.0,12.0,wc_12,wc_15,0.0,"[('wc_15', 1), ('wc_13', 1), ('wc_14', 1)]",3.0,,,30.0,0.008502000000000001,['Pass'],Pass
68.0,12.0,wc_12,,0.0,,,,0.0,,,,Pass
68.0,12.0,wc_12,wc_16,0.0,"[('wc_16', 1), ('wc_13', 1), ('wc_14', 1), ('wc_15', 1)]",4.0,,,20.0,0.011143,['Pass'],Pass
68.0,12.0,wc_12,,0.0,,,,0.0,,,,Pass
68.0,12.0,wc_12,wc_17,0.0,"[('wc_17', 1), ('wc_13', 1), ('wc_14', 1), ('wc_15', 1), ('wc_16', 1)]",5.0,,,39.0,0.011603,['Pass'],Pass
68.0,12.0,wc_12,,0.0,,,,183.0,,,,Pass
68.0,12.0,wc_12,wc_6,0.0,"[('wc_6', 1), ('wc_13', 1), ('wc_14', 1), ('wc_15', 1), ('wc_16', 1), ('wc_17', 1)]",6.0,,,23.0,0.013802000000000002,['Pass'],Pass
68.0,12.0,wc_12,,0.0,,,,0.0,,,,Pass
68.0,12.0,wc_12,wc_7,0.0,"[('wc_13', 1), ('wc_14', 1), ('wc_15', 1), ('wc_16', 1), ('wc_17', 1), ('wc_6', 1)]",6.0,,,20.0,0.016782,['Pass'],Pass
68.0,12.0,wc_12,,0.0,,,,0.0,,,,Pass
68.0,12.0,wc_12,wc_8,0.0,"[('wc_8', 1), ('wc_13', 1), ('wc_14', 1), ('wc_15', 1), ('wc_16', 1), ('wc_17', 1), ('wc_6', 1)]",7.0,,,22.0,0.018078,['Pass'],Pass
68.0,12.0,wc_12,,0.0,,,,0.0,,,,Pass
68.0,12.0,wc_12,wc_9,0.0,"[('wc_9', 1), ('wc_13', 1), ('wc_14', 1), ('wc_15', 1), ('wc_16', 1), ('wc_17', 1), ('wc_6', 1), ('wc_8', 1)]",8.0,,,31.0,0.019167000000000003,['Pass'],Pass
68.0,12.0,wc_12,,0.0,,,,0.0,,,,Pass
68.0,12.0,wc_12,wc_10,0.0,"[('wc_10', 1), ('wc_13', 1), ('wc_14', 1), ('wc_15', 1), ('wc_16', 1), ('wc_17', 1), ('wc_6', 1), ('wc_8', 1), ('wc_9', 1)]",9.0,,,36.0,0.023790999999999996,['Pass'],Pass
68.0,12.0,wc_12,,0.0,,,,0.0,,,,Pass
68.0,12.0,wc_12,wc_11,0.0,"[('wc_11', 1), ('wc_13', 1), ('wc_14', 1), ('wc_15', 1), ('wc_16', 1), ('wc_17', 1), ('wc_6', 1), ('wc_8', 1), ('wc_9', 1), ('wc_10', 1)]",10.0,,,21.0,0.021879,['Pass'],Pass
68.0,12.0,wc_12,,0.0,,,,203.0,,,,Pass
68.0,12.0,wc_12,wc_1,0.0,"[('wc_13', 1), ('wc_14', 1), ('wc_15', 1), ('wc_16', 1), ('wc_17', 1), ('wc_6', 1), ('wc_8', 1), ('wc_9', 1), ('wc_10', 1), ('wc_11', 1)]",10.0,,,22.0,0.02539,['Pass'],Pass
68.0,12.0,wc_12,,0.0,,,,0.0,,,,Pass
68.0,12.0,wc_12,wc_2,0.0,"[('wc_13', 1), ('wc_14', 1), ('wc_15', 1), ('wc_16', 1), ('wc_17', 1), ('wc_6', 1), ('wc_8', 1), ('wc_9', 1), ('wc_10', 1), ('wc_11', 1)]",10.0,,,26.0,0.027479,['Pass'],Pass
68.0,12.0,wc_12,,0.0,,,,0.0,,,,Pass
68.0,12.0,wc_12,wc_3,1.0,"[('wc_3', 1), ('wc_13', 1), ('wc_14', 1), ('wc_15', 1), ('wc_16', 1), ('wc_17', 1), ('wc_6', 1), ('wc_8', 1), ('wc_9', 1), ('wc_10', 1), ('wc_11', 1)]",11.0,,,38.0,0.06419,['Pass'],Pass
72.0,13.0,wc_13,,0.0,,,,161.0,,,,Fail
72.0,13.0,wc_13,,0.0,,,61.0,,,,,Fail
72.0,13.0,wc_13,,0.0,,,,0.0,,,,Fail
72.0,13.0,wc_13,wc_13,0.0,"[('wc_13', 1)]",1.0,,,32.0,0.00202,['Pass'],Fail
72.0,13.0,wc_13,,0.0,,,,0.0,,,,Fail
72.0,13.0,wc_13,wc_14,0.0,"[('wc_14', 1), ('wc_13', 1)]",2.0,,,23.0,0.00422,['Pass'],Fail
72.0,13.0,wc_13,,0.0,,,,0.0,,,,Fail
72.0,13.0,wc_13,wc_15,0.0,"[('wc_13', 1), ('wc_14', 1)]",2.0,,,27.0,0.005943,['Pass'],Fail
72.0,13.0,wc_13,,0.0,,,,0.0,,,,Fail
72.0,13.0,wc_13,wc_16,0.0,"[('wc_13', 1), ('wc_14', 1)]",2.0,,,32.0,0.008564,['Pass'],Fail
72.0,13.0,wc_13,,0.0,,,,0.0,,,,Fail
72.0,13.0,wc_13,wc_17,0.0,"[('wc_17', 1), ('wc_15', 1), ('wc_16', 1)]",3.0,,,30.0,0.009662,['Fail'],Fail
72.0,13.0,wc_13,,0.0,,,,21.0,,,,Fail
72.0,13.0,wc_13,wc_12,0.0,"[('wc_12', 1), ('wc_15', 1), ('wc_16', 1), ('wc_17', 1)]",4.0,,,23.0,0.011402,['Fail'],Fail
72.0,13.0,wc_13,,0.0,,,,182.0,,,,Fail
72.0,13.0,wc_13,wc_6,0.0,"[('wc_6', 1), ('wc_15', 1), ('wc_16', 1), ('wc_17', 1), ('wc_12', 1)]",5.0,,,20.0,0.01397,['Fail'],Fail
72.0,13.0,wc_13,,0.0,,,,0.0,,,,Fail
72.0,13.0,wc_13,wc_7,0.0,"[('wc_7', 1), ('wc_15', 1), ('wc_16', 1), ('wc_17', 1), ('wc_12', 1), ('wc_6', 1)]",6.0,,,30.0,0.017405,['Fail'],Fail
72.0,13.0,wc_13,,0.0,,,,0.0,,,,Fail
72.0,13.0,wc_13,wc_8,0.0,"[('wc_8', 1), ('wc_15', 1), ('wc_16', 1), ('wc_17', 1), ('wc_12', 1), ('wc_6', 1), ('wc_7', 1)]",7.0,,,34.0,0.016599000000000003,['Fail'],Fail
72.0,13.0,wc_13,,0.0,,,,0.0,,,,Fail
72.0,13.0,wc_13,wc_9,0.0,"[('wc_15', 1), ('wc_16', 1), ('wc_17', 1), ('wc_12', 1), ('wc_6', 1), ('wc_7', 1), ('wc_8', 1)]",7.0,,,33.0,0.018146000000000002,['Fail'],Fail
72.0,13.0,wc_13,,0.0,,,,0.0,,,,Fail
72.0,13.0,wc_13,wc_10,0.0,"[('wc_10', 1), ('wc_15', 1), ('wc_16', 1), ('wc_17', 1), ('wc_12', 1), ('wc_6', 1), ('wc_7', 1), ('wc_8', 1)]",8.0,,,32.0,0.022172,['Fail'],Fail
72.0,13.0,wc_13,,0.0,,,,0.0,,,,Fail
72.0,13.0,wc_13,wc_11,0.0,"[('wc_11', 1), ('wc_15', 1), ('wc_16', 1), ('wc_17', 1), ('wc_12', 1), ('wc_6', 1), ('wc_7', 1), ('wc_8', 1), ('wc_10', 1)]",9.0,,,22.0,0.024269,['Fail'],Fail
72.0,13.0,wc_13,,0.0,,,,203.0,,,,Fail
72.0,13.0,wc_13,wc_1,0.0,"[('wc_1', 1), ('wc_15', 1), ('wc_16', 1), ('wc_17', 1), ('wc_12', 1), ('wc_6', 1), ('wc_7', 1), ('wc_8', 1), ('wc_10', 1), ('wc_11', 1)]",10.0,,,29.0,0.02423,['Fail'],Fail
72.0,13.0,wc_13,,0.0,,,,0.0,,,,Fail
72.0,13.0,wc_13,wc_2,0.0,"[('wc_15', 1), ('wc_16', 1), ('wc_17', 1), ('wc_12', 1), ('wc_6', 1), ('wc_7', 1), ('wc_8', 1), ('wc_10', 1), ('wc_11', 1), ('wc_1', 1)]",10.0,,,32.0,0.025294,['Fail'],Fail
72.0,13.0,wc_13,,0.0,,,,0.0,,,,Fail
72.0,13.0,wc_13,wc_3,1.0,"[('wc_3', 1), ('wc_15', 1), ('wc_16', 1), ('wc_17', 1), ('wc_12', 1), ('wc_6', 1), ('wc_7', 1), ('wc_8', 1), ('wc_10', 1), ('wc_11', 1), ('wc_1', 1)]",11.0,,,37.0,0.06215799999999999,['Fail'],Fail
77.0,13.0,wc_13,,0.0,,,,161.0,,,,Pass
77.0,13.0,wc_13,,0.0,,,55.0,,,,,Pass
77.0,13.0,wc_13,,0.0,,,,0.0,,,,Pass
77.0,13.0,wc_13,wc_13,0.0,"[('wc_13', 1)]",1.0,,,38.0,0.002221,['Pass'],Pass
77.0,13.0,wc_13,,0.0,,,,0.0,,,,Pass
77.0,13.0,wc_13,wc_14,0.0,"[('wc_14', 1), ('wc_13', 1)]",2.0,,,27.0,0.003825,['Pass'],Pass
77.0,13.0,wc_13,,0.0,,,,0.0,,,,Pass
77.0,13.0,wc_13,wc_15,0.0,"[('wc_15', 1), ('wc_13', 1), ('wc_14', 1)]",3.0,,,37.0,0.006466000000000001,['Pass'],Pass
77.0,13.0,wc_13,,0.0,,,,0.0,,,,Pass
77.0,13.0,wc_13,wc_16,0.0,"[('wc_16', 1), ('wc_13', 1), ('wc_14', 1), ('wc_15', 1)]",4.0,,,32.0,0.008767,['Pass'],Pass
77.0,13.0,wc_13,,0.0,,,,0.0,,,,Pass
77.0,13.0,wc_13,wc_17,0.0,"[('wc_13', 1), ('wc_14', 1), ('wc_15', 1), ('wc_16', 1)]",4.0,,,36.0,0.011798,['Pass'],Pass
77.0,13.0,wc_13,,0.0,,,,21.0,,,,Pass
77.0,13.0,wc_13,wc_12,0.0,"[('wc_13', 1), ('wc_14', 1), ('wc_15', 1), ('wc_16', 1)]",4.0,,,34.0,0.012436,['Pass'],Pass
77.0,13.0,wc_13,,0.0,,,,182.0,,,,Pass
77.0,13.0,wc_13,wc_6,0.0,"[('wc_13', 1), ('wc_14', 1), ('wc_15', 1), ('wc_16', 1)]",4.0,,,32.0,0.014182,['Pass'],Pass
77.0,13.0,wc_13,,0.0,,,,0.0,,,,Pass
77.0,13.0,wc_13,wc_7,0.0,"[('wc_13', 1), ('wc_14', 1), ('wc_15', 1), ('wc_16', 1)]",4.0,,,22.0,0.016249,['Pass'],Pass
77.0,13.0,wc_13,,0.0,,,,0.0,,,,Pass
77.0,13.0,wc_13,wc_8,0.0,"[('wc_8', 1), ('wc_13', 1), ('wc_14', 1), ('wc_15', 1), ('wc_16', 1)]",5.0,,,39.0,0.019814,['Pass'],Pass
77.0,13.0,wc_13,,0.0,,,,0.0,,,,Pass
77.0,13.0,wc_13,wc_9,0.0,"[('wc_9', 1), ('wc_13', 1), ('wc_14', 1), ('wc_15', 1), ('wc_16', 1), ('wc_8', 1)]",6.0,,,23.0,0.019712,['Pass'],Pass
77.0,13.0,wc_13,,0.0,,,,0.0,,,,Pass
77.0,13.0,wc_13,wc_10,0.0,"[('wc_10', 1), ('wc_13', 1), ('wc_14', 1), ('wc_15', 1), ('wc_16', 1), ('wc_8', 1), ('wc_9', 1)]",7.0,,,38.0,0.02314,['Pass'],Pass
77.0,13.0,wc_13,,0.0,,,,0.0,,,,Pass
77.0,13.0,wc_13,wc_11,0.0,"[('wc_11', 1), ('wc_13', 1), ('wc_14', 1), ('wc_15', 1), ('wc_16', 1), ('wc_8', 1), ('wc_9', 1), ('wc_10', 1)]",8.0,,,38.0,0.023814000000000002,['Pass'],Pass
77.0,13.0,wc_13,,0.0,,,,203.0,,,,Pass
77.0,13.0,wc_13,wc_1,0.0,"[('wc_13', 1), ('wc_14', 1), ('wc_15', 1), ('wc_16', 1), ('wc_8', 1), ('wc_9', 1), ('wc_10', 1), ('wc_11', 1)]",8.0,,,29.0,0.026449999999999998,['Pass'],Pass
77.0,13.0,wc_13,,0.0,,,,0.0,,,,Pass
77.0,13.0,wc_13,wc_2,0.0,"[('wc_13', 1), ('wc_14', 1), ('wc_15', 1), ('wc_16', 1), ('wc_8', 1), ('wc_9', 1), ('wc_10', 1), ('wc_11', 1)]",8.0,,,29.0,0.027448000000000004,['Pass'],Pass
77.0,13.0,wc_13,,0.0,,,,0.0,,,,Pass
77.0,13.0,wc_13,wc_3,0.0,"[('wc_3', 1), ('wc_13', 1), ('wc_14', 1), ('wc_15', 1), ('wc_16', 1), ('wc_8', 1), ('wc_9', 1), ('wc_10', 1), ('wc_11', 1)]",9.0,,,35.0,0.028780000000000003,['Pass'],Pass
77.0,13.0,wc_13,,0.0,,,,0.0,,,,Pass
77.0,13.0,wc_13,wc_4,0.0,"[('wc_4', 1), ('wc_13', 1), ('wc_14', 1), ('wc_15', 1), ('wc_16', 1), ('wc_8', 1), ('wc_9', 1), ('wc_10', 1), ('wc_11', 1), ('wc_3', 1)]",10.0,,,40.0,0.029946,['Pass'],Pass
77.0,13.0,wc_13,,0.0,,,,0.0,,,,Pass
77.0,13.0,wc_13,wc_5,1.0,"[('wc_5', 1), ('wc_13', 1), ('wc_14', 1), ('wc_15', 1), ('wc_16', 1), ('wc_8', 1), ('wc_9', 1), ('wc_10', 1), ('wc_11', 1), ('wc_3', 1), ('wc_4', 1)]",11.0,,,28.0,0.063975,['Pass'],Pass
82.0,16.0,wc_16,,0.0,,,,182.0,,,,Fail
82.0,16.0,wc_16,,0.0,,,59.0,,,,,Fail
82.0,16.0,wc_16,,0.0,,,,0.0,,,,Fail
82.0,16.0,wc_16,wc_16,0.0,"[('wc_16', 1)]",1.0,,,32.0,0.00326,['Fail'],Fail
82.0,16.0,wc_16,,0.0,,,,0.0,,,,Fail
82.0,16.0,wc_16,wc_17,0.0,"[('wc_17', 1), ('wc_16', 1)]",2.0,,,20.0,0.003918,['Fail'],Fail
82.0,16.0,wc_16,,0.0,,,,21.0,,,,Fail
82.0,16.0,wc_16,wc_12,0.0,"[('wc_12', 1), ('wc_16', 1), ('wc_17', 1)]",3.0,,,30.0,0.005835,['Fail'],Fail
82.0,16.0,wc_16,,0.0,,,,0.0,,,,Fail
82.0,16.0,wc_16,wc_13,0.0,"[('wc_16', 1), ('wc_17', 1), ('wc_12', 1)]",3.0,,,24.0,0.008633,['Fail'],Fail
82.0,16.0,wc_16,,0.0,,,,0.0,,,,Fail
82.0,16.0,wc_16,wc_14,0.0,"[('wc_14', 1), ('wc_16', 1), ('wc_17', 1), ('wc_12', 1)]",4.0,,,35.0,0.009462,['Fail'],Fail
82.0,16.0,wc_16,,0.0,,,,0.0,,,,Fail
82.0,16.0,wc_16,wc_15,0.0,"[('wc_16', 1), ('wc_17', 1), ('wc_12', 1), ('wc_14', 1)]",4.0,,,36.0,0.011359000000000001,['Fail'],Fail
82.0,16.0,wc_16,,0.0,,,,223.0,,,,Fail
82.0,16.0,wc_16,wc_6,0.0,"[('wc_6', 1), ('wc_16', 1), ('wc_17', 1), ('wc_12', 1), ('wc_14', 1)]",5.0,,,38.0,0.013640000000000001,['Fail'],Fail
82.0,16.0,wc_16,,0.0,,,,0.0,,,,Fail
82.0,16.0,wc_16,wc_7,0.0,"[('wc_7', 1), ('wc_16', 1), ('wc_17', 1), ('wc_12', 1), ('wc_14', 1), ('wc_6', 1)]",6.0,,,22.0,0.015624999999999998,['Fail'],Fail
82.0,16.0,wc_16,,0.0,,,,0.0,,,,Fail
82.0,16.0,wc_16,wc_8,0.0,"[('wc_8', 1), ('wc_16', 1), ('wc_17', 1), ('wc_12', 1), ('wc_14', 1), ('wc_6', 1), ('wc_7', 1)]",7.0,,,34.0,0.016583999999999998,['Fail'],Fail
82.0,16.0,wc_16,,0.0,,,,0.0,,,,Fail
82.0,16.0,wc_16,wc_9,0.0,"[('wc_9', 1), ('wc_16', 1), ('wc_17', 1), ('wc_12', 1), ('wc_14', 1), ('wc_6', 1), ('wc_7', 1), ('wc_8', 1)]",8.0,,,35.0,0.017701,['Fail'],Fail
82.0,16.0,wc_16,,0.0,,,,0.0,,,,Fail
82.0,16.0,wc_16,wc_10,0.0,"[('wc_10', 1), ('wc_16', 1), ('wc_17', 1), ('wc_12', 1), ('wc_14', 1), ('wc_6', 1), ('wc_7', 1), ('wc_8', 1), ('wc_9', 1)]",9.0,,,26.0,0.021679999999999998,['Fail'],Fail
82.0,16.0,wc_16,,0.0,,,,0.0,,,,Fail
82.0,16.0,wc_16,wc_11,0.0,"[('wc_11', 1), ('wc_16', 1), ('wc_17', 1), ('wc_12', 1), ('wc_14', 1), ('wc_6', 1), ('wc_7', 1), ('wc_8', 1), ('wc_9', 1), ('wc_10', 1)]",10.0,,,38.0,0.021183999999999998,['Fail'],Fail
82.0,16.0,wc_16,,0.0,,,,203.0,,,,Fail
82.0,16.0,wc_16,wc_1,0.0,"[('wc_16', 1), ('wc_17', 1), ('wc_12', 1), ('wc_14', 1), ('wc_6', 1), ('wc_7', 1), ('wc_8', 1), ('wc_9', 1), ('wc_10', 1), ('wc_11', 1)]",10.0,,,40.0,0.023022,['Fail'],Fail
82.0,16.0,wc_16,,0.0,,,,0.0,,,,Fail
82.0,16.0,wc_16,wc_2,1.0,"[('wc_2', 1), ('wc_16', 1), ('wc_17', 1), ('wc_12', 1), ('wc_14', 1), ('wc_6', 1), ('wc_7', 1), ('wc_8', 1), ('wc_9', 1), ('wc_10', 1), ('wc_11', 1)]",11.0,,,36.0,0.070702,['Fail'],Fail
87.0,15.0,wc_15,,0.0,,,,223.0,,,,Pass
87.0,15.0,wc_15,,0.0,,,56.0,,,,,Pass
87.0,15.0,wc_15,,0.0,,,,0.0,,,,Pass
87.0,15.0,wc_15,wc_15,0.0,"[('wc_15', 1)]",1.0,,,21.0,0.002383,['Fail'],Pass
87.0,15.0,wc_15,,0.0,,,,0.0,,,,Pass
87.0,15.0,wc_15,wc_16,0.0,"[('wc_16', 1), ('wc_15', 1)]",2.0,,,29.0,0.00422,['Fail'],Pass
87.0,15.0,wc_15,,0.0,,,,0.0,,,,Pass
87.0,15.0,wc_15,wc_17,0.0,"[('wc_17', 1), ('wc_15', 1), ('wc_16', 1)]",3.0,,,29.0,0.006161000000000001,['Fail'],Pass
87.0,15.0,wc_15,,0.0,,,,21.0,,,,Pass
87.0,15.0,wc_15,wc_12,0.0,"[('wc_15', 1), ('wc_16', 1), ('wc_17', 1)]",3.0,,,21.0,0.00765,['Fail'],Pass
87.0,15.0,wc_15,,0.0,,,,0.0,,,,Pass
87.0,15.0,wc_15,wc_13,0.0,"[('wc_13', 1), ('wc_15', 1), ('wc_16', 1), ('wc_17', 1)]",4.0,,,21.0,0.009487,['Fail'],Pass
87.0,15.0,wc_15,,0.0,,,,0.0,,,,Pass
87.0,15.0,wc_15,wc_14,0.0,"[('wc_14', 1), ('wc_15', 1), ('wc_16', 1), ('wc_17', 1), ('wc_13', 1)]",5.0,,,20.0,0.012194,['Fail'],Pass
87.0,15.0,wc_15,,0.0,,,,142.0,,,,Pass
87.0,15.0,wc_15,wc_6,0.0,"[('wc_6', 1), ('wc_15', 1), ('wc_16', 1), ('wc_17', 1), ('wc_13', 1), ('wc_14', 1)]",6.0,,,27.0,0.015616,['Fail'],Pass
87.0,15.0,wc_15,,0.0,,,,0.0,,,,Pass
87.0,15.0,wc_15,wc_7,0.0,"[('wc_15', 1), ('wc_16', 1), ('wc_17', 1), ('wc_13', 1), ('wc_14', 1), ('wc_6', 1)]",6.0,,,28.0,0.014536,['Fail'],Pass
87.0,15.0,wc_15,,0.0,,,,0.0,,,,Pass
87.0,15.0,wc_15,wc_8,0.0,"[('wc_15', 1), ('wc_16', 1), ('wc_17', 1), ('wc_13', 1), ('wc_14', 1), ('wc_6', 1)]",6.0,,,35.0,0.016424,['Fail'],Pass
87.0,15.0,wc_15,,0.0,,,,0.0,,,,Pass
87.0,15.0,wc_15,wc_9,0.0,"[('wc_9', 1), ('wc_15', 1), ('wc_16', 1), ('wc_17', 1), ('wc_13', 1), ('wc_14', 1), ('wc_6', 1)]",7.0,,,25.0,0.019611000000000003,['Fail'],Pass
87.0,15.0,wc_15,,0.0,,,,0.0,,,,Pass
87.0,15.0,wc_15,wc_10,0.0,"[('wc_10', 1), ('wc_15', 1), ('wc_16', 1), ('wc_17', 1), ('wc_13', 1), ('wc_14', 1), ('wc_6', 1), ('wc_9', 1)]",8.0,,,39.0,0.022106999999999995,['Fail'],Pass
87.0,15.0,wc_15,,0.0,,,,0.0,,,,Pass
87.0,15.0,wc_15,wc_11,0.0,"[('wc_15', 1), ('wc_16', 1), ('wc_17', 1), ('wc_13', 1), ('wc_14', 1), ('wc_6', 1), ('wc_9', 1), ('wc_10', 1)]",8.0,,,34.0,0.023939,['Fail'],Pass
87.0,15.0,wc_15,,0.0,,,,203.0,,,,Pass
87.0,15.0,wc_15,wc_1,0.0,"[('wc_15', 1), ('wc_16', 1), ('wc_17', 1), ('wc_13', 1), ('wc_14', 1), ('wc_6', 1), ('wc_9', 1), ('wc_10', 1)]",8.0,,,35.0,0.027095999999999995,['Fail'],Pass
87.0,15.0,wc_15,,0.0,,,,0.0,,,,Pass
87.0,15.0,wc_15,wc_2,0.0,"[('wc_2', 1), ('wc_15', 1), ('wc_16', 1), ('wc_17', 1), ('wc_13', 1), ('wc_14', 1), ('wc_6', 1), ('wc_9', 1), ('wc_10', 1)]",9.0,,,27.0,0.033421,['Fail'],Pass
87.0,15.0,wc_15,,0.0,,,,0.0,,,,Pass
87.0,15.0,wc_15,wc_3,0.0,"[('wc_15', 1), ('wc_16', 1), ('wc_17', 1), ('wc_13', 1), ('wc_14', 1), ('wc_6', 1), ('wc_9', 1), ('wc_10', 1), ('wc_2', 1)]",9.0,,,26.0,0.032311,['Fail'],Pass
87.0,15.0,wc_15,,0.0,,,,0.0,,,,Pass
87.0,15.0,wc_15,wc_4,0.0,"[('wc_15', 1), ('wc_16', 1), ('wc_17', 1), ('wc_13', 1), ('wc_14', 1), ('wc_6', 1), ('wc_9', 1), ('wc_10', 1), ('wc_2', 1)]",9.0,,,25.0,0.031518000000000004,['Fail'],Pass
87.0,15.0,wc_15,,0.0,,,,0.0,,,,Pass
87.0,15.0,wc_15,wc_5,1.0,"[('wc_5', 1), ('wc_15', 1), ('wc_16', 1), ('wc_17', 1), ('wc_13', 1), ('wc_14', 1), ('wc_6', 1), ('wc_9', 1), ('wc_10', 1), ('wc_2', 1)]",10.0,,,20.0,0.073655,['Fail'],Pass
90.0,14.0,wc_14,,0.0,,,,141.0,,,,Fail
90.0,14.0,wc_14,,0.0,,,55.0,,,,,Fail
90.0,14.0,wc_14,,0.0,,,,0.0,,,,Fail
90.0,14.0,wc_14,wc_14,0.0,"[('wc_14', 1)]",1.0,,,39.0,0.002568,['Fail'],Fail
90.0,14.0,wc_14,,0.0,,,,0.0,,,,Fail
90.0,14.0,wc_14,wc_15,0.0,"[('wc_15', 1)]",1.0,,,20.0,0.0046,['Pass'],Fail
90.0,14.0,wc_14,,0.0,,,,0.0,,,,Fail
90.0,14.0,wc_14,wc_16,0.0,"[('wc_16', 1), ('wc_14', 1)]",2.0,,,40.0,0.006037000000000001,['Fail'],Fail
90.0,14.0,wc_14,,0.0,,,,0.0,,,,Fail
90.0,14.0,wc_14,wc_17,0.0,"[('wc_17', 1), ('wc_15', 1)]",2.0,,,39.0,0.008121999999999999,['Pass'],Fail
90.0,14.0,wc_14,,0.0,,,,21.0,,,,Fail
90.0,14.0,wc_14,wc_12,0.0,"[('wc_12', 1), ('wc_14', 1), ('wc_16', 1)]",3.0,,,27.0,0.009184,['Fail'],Fail
90.0,14.0,wc_14,,0.0,,,,0.0,,,,Fail
90.0,14.0,wc_14,wc_13,0.0,"[('wc_13', 1), ('wc_14', 1), ('wc_16', 1), ('wc_12', 1)]",4.0,,,39.0,0.013977,['Fail'],Fail
90.0,14.0,wc_14,,0.0,,,,162.0,,,,Fail
90.0,14.0,wc_14,wc_6,0.0,"[('wc_6', 1), ('wc_14', 1), ('wc_16', 1), ('wc_12', 1), ('wc_13', 1)]",5.0,,,31.0,0.014232999999999999,['Fail'],Fail
90.0,14.0,wc_14,,0.0,,,,0.0,,,,Fail
90.0,14.0,wc_14,wc_7,0.0,"[('wc_7', 1), ('wc_14', 1), ('wc_16', 1), ('wc_12', 1), ('wc_13', 1), ('wc_6', 1)]",6.0,,,35.0,0.016477,['Fail'],Fail
90.0,14.0,wc_14,,0.0,,,,0.0,,,,Fail
90.0,14.0,wc_14,wc_8,0.0,"[('wc_8', 1), ('wc_14', 1), ('wc_16', 1), ('wc_12', 1), ('wc_13', 1), ('wc_6', 1), ('wc_7', 1)]",7.0,,,33.0,0.018458,['Fail'],Fail
90.0,14.0,wc_14,,0.0,,,,0.0,,,,Fail
90.0,14.0,wc_14,wc_9,0.0,"[('wc_9', 1), ('wc_14', 1), ('wc_16', 1), ('wc_12', 1), ('wc_13', 1), ('wc_6', 1), ('wc_7', 1), ('wc_8', 1)]",8.0,,,35.0,0.018541000000000002,['Fail'],Fail
90.0,14.0,wc_14,,0.0,,,,0.0,,,,Fail
90.0,14.0,wc_14,wc_10,0.0,"[('wc_10', 1), ('wc_14', 1), ('wc_16', 1), ('wc_12', 1), ('wc_13', 1), ('wc_6', 1), ('wc_7', 1), ('wc_8', 1), ('wc_9', 1)]",9.0,,,26.0,0.020886,['Fail'],Fail
90.0,14.0,wc_14,,0.0,,,,0.0,,,,Fail
90.0,14.0,wc_14,wc_11,0.0,"[('wc_14', 1), ('wc_16', 1), ('wc_12', 1), ('wc_13', 1), ('wc_6', 1), ('wc_7', 1), ('wc_8', 1), ('wc_9', 1), ('wc_10', 1)]",9.0,,,31.0,0.024870999999999997,['Fail'],Fail
90.0,14.0,wc_14,,0.0,,,,203.0,,,,Fail
90.0,14.0,wc_14,wc_1,0.0,"[('wc_14', 1), ('wc_16', 1), ('wc_12', 1), ('wc_13', 1), ('wc_6', 1), ('wc_7', 1), ('wc_8', 1), ('wc_9', 1), ('wc_10', 1)]",9.0,,,36.0,0.025343,['Fail'],Fail
90.0,14.0,wc_14,,0.0,,,,0.0,,,,Fail
90.0,14.0,wc_14,wc_2,0.0,"[('wc_14', 1), ('wc_16', 1), ('wc_12', 1), ('wc_13', 1), ('wc_6', 1), ('wc_7', 1), ('wc_8', 1), ('wc_9', 1), ('wc_10', 1)]",9.0,,,36.0,0.027602000000000005,['Fail'],Fail
90.0,14.0,wc_14,,0.0,,,,0.0,,,,Fail
90.0,14.0,wc_14,wc_3,0.0,"[('wc_14', 1), ('wc_16', 1), ('wc_12', 1), ('wc_13', 1), ('wc_6', 1), ('wc_7', 1), ('wc_8', 1), ('wc_9', 1), ('wc_10', 1)]",9.0,,,33.0,0.030470000000000004,['Fail'],Fail
90.0,14.0,wc_14,,0.0,,,,0.0,,,,Fail
90.0,14.0,wc_14,wc_4,0.0,"[('wc_4', 1), ('wc_14', 1), ('wc_16', 1), ('wc_12', 1), ('wc_13', 1), ('wc_6', 1), ('wc_7', 1), ('wc_8', 1), ('wc_9', 1), ('wc_10', 1)]",10.0,,,27.0,0.030035,['Fail'],Fail
90.0,14.0,wc_14,,0.0,,,,0.0,,,,Fail
90.0,14.0,wc_14,wc_5,1.0,"[('wc_14', 1), ('wc_16', 1), ('wc_12', 1), ('wc_13', 1), ('wc_6', 1), ('wc_7', 1), ('wc_8', 1), ('wc_9', 1), ('wc_10', 1), ('wc_4', 1)]",10.0,,,30.0,0.063578,['Fail'],Fail
94.0,14.0,wc_14,,0.0,,,,141.0,,,,Pass
94.0,14.0,wc_14,,0.0,,,55.0,,,,,Pass
94.0,14.0,wc_14,,0.0,,,,0.0,,,,Pass
94.0,14.0,wc_14,wc_14,0.0,"[('wc_14', 1)]",1.0,,,33.0,0.003043,['Pass'],Pass
94.0,14.0,wc_14,,0.0,,,,0.0,,,,Pass
94.0,14.0,wc_14,wc_15,0.0,"[('wc_14', 1)]",1.0,,,39.0,0.00405,['Pass'],Pass
94.0,14.0,wc_14,,0.0,,,,0.0,,,,Pass
94.0,14.0,wc_14,wc_16,0.0,"[('wc_16', 1), ('wc_14', 1)]",2.0,,,24.0,0.005611,['Pass'],Pass
94.0,14.0,wc_14,,0.0,,,,0.0,,,,Pass
94.0,14.0,wc_14,wc_17,0.0,"[('wc_14', 1), ('wc_16', 1)]",2.0,,,24.0,0.00741,['Pass'],Pass
94.0,14.0,wc_14,,0.0,,,,21.0,,,,Pass
94.0,14.0,wc_14,wc_12,0.0,"[('wc_12', 1), ('wc_14', 1), ('wc_16', 1)]",3.0,,,29.0,0.010979,['Pass'],Pass
94.0,14.0,wc_14,,0.0,,,,0.0,,,,Pass
94.0,14.0,wc_14,wc_13,0.0,"[('wc_14', 1), ('wc_16', 1), ('wc_12', 1)]",3.0,,,20.0,0.011804,['Pass'],Pass
94.0,14.0,wc_14,,0.0,,,,162.0,,,,Pass
94.0,14.0,wc_14,wc_6,0.0,"[('wc_6', 1), ('wc_14', 1), ('wc_16', 1), ('wc_12', 1)]",4.0,,,23.0,0.015891999999999996,['Pass'],Pass
94.0,14.0,wc_14,,0.0,,,,0.0,,,,Pass
94.0,14.0,wc_14,wc_7,0.0,"[('wc_7', 1), ('wc_14', 1), ('wc_16', 1), ('wc_12', 1), ('wc_6', 1)]",5.0,,,35.0,0.014639000000000001,['Pass'],Pass
94.0,14.0,wc_14,,0.0,,,,0.0,,,,Pass
94.0,14.0,wc_14,wc_8,0.0,"[('wc_8', 1), ('wc_14', 1), ('wc_16', 1), ('wc_12', 1), ('wc_6', 1), ('wc_7', 1)]",6.0,,,24.0,0.015756,['Pass'],Pass
94.0,14.0,wc_14,,0.0,,,,0.0,,,,Pass
94.0,14.0,wc_14,wc_9,0.0,"[('wc_9', 1), ('wc_14', 1), ('wc_16', 1), ('wc_12', 1), ('wc_6', 1), ('wc_7', 1), ('wc_8', 1)]",7.0,,,29.0,0.018460999999999998,['Pass'],Pass
94.0,14.0,wc_14,,0.0,,,,0.0,,,,Pass
94.0,14.0,wc_14,wc_10,0.0,"[('wc_10', 1), ('wc_14', 1), ('wc_16', 1), ('wc_12', 1), ('wc_6', 1), ('wc_7', 1), ('wc_8', 1), ('wc_9', 1)]",8.0,,,32.0,0.019446,['Pass'],Pass
94.0,14.0,wc_14,,0.0,,,,0.0,,,,Pass
94.0,14.0,wc_14,wc_11,0.0,"[('wc_11', 1), ('wc_14', 1), ('wc_16', 1), ('wc_12', 1), ('wc_6', 1), ('wc_7', 1), ('wc_8', 1), ('wc_9', 1), ('wc_10', 1)]",9.0,,,40.0,0.021001,['Pass'],Pass
94.0,14.0,wc_14,,0.0,,,,203.0,,,,Pass
94.0,14.0,wc_14,wc_1,0.0,"[('wc_14', 1), ('wc_16', 1), ('wc_12', 1), ('wc_6', 1), ('wc_7', 1), ('wc_8', 1), ('wc_9', 1), ('wc_10', 1), ('wc_11', 1)]",9.0,,,28.0,0.025468,['Pass'],Pass
94.0,14.0,wc_14,,0.0,,,,0.0,,,,Pass
94.0,14.0,wc_14,wc_2,0.0,"[('wc_14', 1), ('wc_16', 1), ('wc_12', 1), ('wc_6', 1), ('wc_7', 1), ('wc_8', 1), ('wc_9', 1), ('wc_10', 1), ('wc_11', 1)]",9.0,,,21.0,0.025720000000000003,['Pass'],Pass
94.0,14.0,wc_14,,0.0,,,,0.0,,,,Pass
94.0,14.0,wc_14,wc_3,0.0,"[('wc_3', 1), ('wc_14', 1), ('wc_16', 1), ('wc_12', 1), ('wc_6', 1), ('wc_7', 1), ('wc_8', 1), ('wc_9', 1), ('wc_10', 1), ('wc_11', 1)]",10.0,,,20.0,0.027526000000000002,['Pass'],Pass
94.0,14.0,wc_14,,0.0,,,,0.0,,,,Pass
94.0,14.0,wc_14,wc_4,1.0,"[('wc_4', 1), ('wc_14', 1), ('wc_16', 1), ('wc_12', 1), ('wc_6', 1), ('wc_7', 1), ('wc_8', 1), ('wc_9', 1), ('wc_10', 1), ('wc_11', 1), ('wc_3', 1)]",11.0,,,27.0,0.06752000000000001,['Pass'],Pass
98.0,16.0,wc_16,,0.0,,,,202.0,,,,Pass
98.0,16.0,wc_16,,0.0,,,61.0,,,,,Pass
98.0,16.0,wc_16,,0.0,,,,0.0,,,,Pass
98.0,16.0,wc_16,wc_16,0.0,"[('wc_16', 1)]",1.0,,,32.0,0.002189,['Pass'],Pass
98.0,16.0,wc_16,,0.0,,,,0.0,,,,Pass
98.0,16.0,wc_16,wc_17,0.0,"[('wc_17', 1), ('wc_16', 1)]",2.0,,,33.0,0.0046,['Pass'],Pass
98.0,16.0,wc_16,,0.0,,,,21.0,,,,Pass
98.0,16.0,wc_16,wc_12,0.0,"[('wc_12', 1), ('wc_16', 1), ('wc_17', 1)]",3.0,,,22.0,0.005755,['Pass'],Pass
98.0,16.0,wc_16,,0.0,,,,0.0,,,,Pass
98.0,16.0,wc_16,wc_13,0.0,"[('wc_13', 1), ('wc_16', 1), ('wc_17', 1), ('wc_12', 1)]",4.0,,,26.0,0.008006,['Pass'],Pass
98.0,16.0,wc_16,,0.0,,,,0.0,,,,Pass
98.0,16.0,wc_16,wc_14,0.0,"[('wc_14', 1), ('wc_16', 1), ('wc_17', 1), ('wc_12', 1), ('wc_13', 1)]",5.0,,,37.0,0.011523,['Pass'],Pass
98.0,16.0,wc_16,,0.0,,,,0.0,,,,Pass
98.0,16.0,wc_16,wc_15,0.0,"[('wc_16', 1), ('wc_17', 1), ('wc_12', 1), ('wc_13', 1), ('wc_14', 1)]",5.0,,,28.0,0.013411,['Pass'],Pass
98.0,16.0,wc_16,,0.0,,,,223.0,,,,Pass
98.0,16.0,wc_16,wc_6,0.0,"[('wc_6', 1), ('wc_16', 1), ('wc_17', 1), ('wc_12', 1), ('wc_13', 1), ('wc_14', 1)]",6.0,,,27.0,0.015508,['Pass'],Pass
98.0,16.0,wc_16,,0.0,,,,0.0,,,,Pass
98.0,16.0,wc_16,wc_7,0.0,"[('wc_7', 1), ('wc_16', 1), ('wc_17', 1), ('wc_12', 1), ('wc_13', 1), ('wc_14', 1), ('wc_6', 1)]",7.0,,,23.0,0.016306,['Pass'],Pass
98.0,16.0,wc_16,,0.0,,,,0.0,,,,Pass
98.0,16.0,wc_16,wc_8,0.0,"[('wc_8', 1), ('wc_16', 1), ('wc_17', 1), ('wc_12', 1), ('wc_13', 1), ('wc_14', 1), ('wc_6', 1), ('wc_7', 1)]",8.0,,,21.0,0.015641000000000002,['Pass'],Pass
98.0,16.0,wc_16,,0.0,,,,0.0,,,,Pass
98.0,16.0,wc_16,wc_9,0.0,"[('wc_9', 1), ('wc_16', 1), ('wc_17', 1), ('wc_12', 1), ('wc_13', 1), ('wc_14', 1), ('wc_6', 1), ('wc_7', 1), ('wc_8', 1)]",9.0,,,20.0,0.017901999999999998,['Pass'],Pass
98.0,16.0,wc_16,,0.0,,,,0.0,,,,Pass
98.0,16.0,wc_16,wc_10,0.0,"[('wc_10', 1), ('wc_16', 1), ('wc_17', 1), ('wc_12', 1), ('wc_13', 1), ('wc_14', 1), ('wc_6', 1), ('wc_7', 1), ('wc_8', 1), ('wc_9', 1)]",10.0,,,20.0,0.020925000000000003,['Pass'],Pass
98.0,16.0,wc_16,,0.0,,,,0.0,,,,Pass
98.0,16.0,wc_16,wc_11,1.0,"[('wc_11', 1), ('wc_16', 1), ('wc_17', 1), ('wc_12', 1), ('wc_13', 1), ('wc_14', 1), ('wc_6', 1), ('wc_7', 1), ('wc_8', 1), ('wc_9', 1), ('wc_10', 1)]",11.0,,,40.0,0.058755,['Pass'],Pass
103.0,17.0,wc_17,,0.0,,,,162.0,,,,Fail
103.0,17.0,wc_17,,0.0,,,58.0,,,,,Fail
103.0,17.0,wc_17,,0.0,,,,0.0,,,,Fail
103.0,17.0,wc_17,wc_17,0.0,"[('wc_17', 1)]",1.0,,,27.0,0.002228,['Fail'],Fail
103.0,17.0,wc_17,,0.0,,,,21.0,,,,Fail
103.0,17.0,wc_17,wc_12,0.0,"[('wc_12', 1), ('wc_17', 1)]",2.0,,,22.0,0.003894,['Fail'],Fail
103.0,17.0,wc_17,,0.0,,,,0.0,,,,Fail
103.0,17.0,wc_17,wc_13,0.0,"[('wc_13', 1), ('wc_17', 1), ('wc_12', 1)]",3.0,,,31.0,0.005718000000000001,['Fail'],Fail
103.0,17.0,wc_17,,0.0,,,,0.0,,,,Fail
103.0,17.0,wc_17,wc_14,0.0,"[('wc_14', 1), ('wc_17', 1), ('wc_12', 1), ('wc_13', 1)]",4.0,,,27.0,0.00776,['Fail'],Fail
103.0,17.0,wc_17,,0.0,,,,0.0,,,,Fail
103.0,17.0,wc_17,wc_15,0.0,"[('wc_17', 1), ('wc_12', 1), ('wc_13', 1), ('wc_14', 1)]",4.0,,,26.0,0.009361,['Fail'],Fail
103.0,17.0,wc_17,,0.0,,,,0.0,,,,Fail
103.0,17.0,wc_17,wc_16,0.0,"[('wc_16', 1), ('wc_17', 1), ('wc_12', 1), ('wc_13', 1), ('wc_14', 1)]",5.0,,,20.0,0.010612,['Fail'],Fail
103.0,17.0,wc_17,,0.0,,,,203.0,,,,Fail
103.0,17.0,wc_17,wc_6,0.0,"[('wc_17', 1), ('wc_12', 1), ('wc_13', 1), ('wc_14', 1), ('wc_16', 1)]",5.0,,,30.0,0.012325,['Fail'],Fail
103.0,17.0,wc_17,,0.0,,,,0.0,,,,Fail
103.0,17.0,wc_17,wc_7,0.0,"[('wc_7', 1), ('wc_17', 1), ('wc_12', 1), ('wc_13', 1), ('wc_14', 1), ('wc_16', 1)]",6.0,,,31.0,0.014674000000000001,['Fail'],Fail
103.0,17.0,wc_17,,0.0,,,,0.0,,,,Fail
103.0,17.0,wc_17,wc_8,0.0,"[('wc_8', 1), ('wc_17', 1), ('wc_12', 1), ('wc_13', 1), ('wc_14', 1), ('wc_16', 1), ('wc_7', 1)]",7.0,,,38.0,0.017127,['Fail'],Fail
103.0,17.0,wc_17,,0.0,,,,0.0,,,,Fail
103.0,17.0,wc_17,wc_9,0.0,"[('wc_9', 1), ('wc_17', 1), ('wc_12', 1), ('wc_13', 1), ('wc_14', 1), ('wc_16', 1), ('wc_7', 1), ('wc_8', 1)]",8.0,,,34.0,0.019877,['Fail'],Fail
103.0,17.0,wc_17,,0.0,,,,0.0,,,,Fail
103.0,17.0,wc_17,wc_10,0.0,"[('wc_10', 1), ('wc_17', 1), ('wc_12', 1), ('wc_13', 1), ('wc_14', 1), ('wc_16', 1), ('wc_7', 1), ('wc_8', 1), ('wc_9', 1)]",9.0,,,39.0,0.02304,['Fail'],Fail
103.0,17.0,wc_17,,0.0,,,,0.0,,,,Fail
103.0,17.0,wc_17,wc_11,0.0,"[('wc_11', 1), ('wc_17', 1), ('wc_12', 1), ('wc_13', 1), ('wc_14', 1), ('wc_16', 1), ('wc_7', 1), ('wc_8', 1), ('wc_9', 1), ('wc_10', 1)]",10.0,,,34.0,0.024416,['Fail'],Fail
103.0,17.0,wc_17,,0.0,,,,203.0,,,,Fail
103.0,17.0,wc_17,wc_1,0.0,"[('wc_17', 1), ('wc_12', 1), ('wc_13', 1), ('wc_14', 1), ('wc_16', 1), ('wc_7', 1), ('wc_8', 1), ('wc_9', 1), ('wc_10', 1), ('wc_11', 1)]",10.0,,,31.0,0.026607999999999996,['Fail'],Fail
103.0,17.0,wc_17,,0.0,,,,0.0,,,,Fail
103.0,17.0,wc_17,wc_2,1.0,"[('wc_2', 1), ('wc_17', 1), ('wc_12', 1), ('wc_13', 1), ('wc_14', 1), ('wc_16', 1), ('wc_7', 1), ('wc_8', 1), ('wc_9', 1), ('wc_10', 1), ('wc_11', 1)]",11.0,,,29.0,0.068294,['Fail'],Fail
108.0,17.0,wc_17,,0.0,,,,263.0,,,,Fail
108.0,17.0,wc_17,,0.0,,,58.0,,,,,Fail
108.0,17.0,wc_17,,0.0,,,,0.0,,,,Fail
108.0,17.0,wc_17,wc_17,0.0,"[('wc_17', 1)]",1.0,,,22.0,0.001883,['Pass'],Fail
108.0,17.0,wc_17,,0.0,,,,21.0,,,,Fail
108.0,17.0,wc_17,wc_12,0.0,"[('wc_12', 1), ('wc_17', 1)]",2.0,,,24.0,0.004078,['Pass'],Fail
108.0,17.0,wc_17,,0.0,,,,0.0,,,,Fail
108.0,17.0,wc_17,wc_13,0.0,"[('wc_13', 1), ('wc_17', 1), ('wc_12', 1)]",3.0,,,38.0,0.005592000000000001,['Pass'],Fail
108.0,17.0,wc_17,,0.0,,,,0.0,,,,Fail
108.0,17.0,wc_17,wc_14,0.0,"[('wc_17', 1), ('wc_12', 1), ('wc_13', 1)]",3.0,,,32.0,0.008801999999999999,['Pass'],Fail
108.0,17.0,wc_17,,0.0,,,,0.0,,,,Fail
108.0,17.0,wc_17,wc_15,0.0,"[('wc_15', 1), ('wc_17', 1), ('wc_12', 1), ('wc_13', 1)]",4.0,,,24.0,0.012631,['Pass'],Fail
108.0,17.0,wc_17,,0.0,,,,0.0,,,,Fail
108.0,17.0,wc_17,wc_16,0.0,"[('wc_17', 1), ('wc_12', 1), ('wc_13', 1), ('wc_15', 1)]",4.0,,,36.0,0.015653999999999998,['Pass'],Fail
108.0,17.0,wc_17,,0.0,,,,203.0,,,,Fail
108.0,17.0,wc_17,wc_6,0.0,"[('wc_17', 1), ('wc_12', 1), ('wc_13', 1), ('wc_15', 1)]",4.0,,,26.0,0.017821,['Pass'],Fail
108.0,17.0,wc_17,,0.0,,,,0.0,,,,Fail
108.0,17.0,wc_17,wc_7,0.0,"[('wc_17', 1), ('wc_12', 1), ('wc_13', 1), ('wc_15', 1)]",4.0,,,33.0,0.024187999999999994,['Pass'],Fail
108.0,17.0,wc_17,,0.0,,,,0.0,,,,Fail
108.0,17.0,wc_17,wc_8,0.0,"[('wc_8', 1), ('wc_14', 1), ('wc_16', 1), ('wc_6', 1), ('wc_7', 1)]",5.0,,,28.0,0.017228000000000004,['Fail'],Fail
108.0,17.0,wc_17,,0.0,,,,0.0,,,,Fail
108.0,17.0,wc_17,wc_9,0.0,"[('wc_9', 1), ('wc_14', 1), ('wc_16', 1), ('wc_6', 1), ('wc_7', 1), ('wc_8', 1)]",6.0,,,20.0,0.019231999999999996,['Fail'],Fail
108.0,17.0,wc_17,,0.0,,,,0.0,,,,Fail
108.0,17.0,wc_17,wc_10,0.0,"[('wc_10', 1), ('wc_14', 1), ('wc_16', 1), ('wc_6', 1), ('wc_7', 1), ('wc_8', 1), ('wc_9', 1)]",7.0,,,20.0,0.025511,['Fail'],Fail
108.0,17.0,wc_17,,0.0,,,,0.0,,,,Fail
108.0,17.0,wc_17,wc_11,0.0,"[('wc_11', 1), ('wc_14', 1), ('wc_16', 1), ('wc_6', 1), ('wc_7', 1), ('wc_8', 1), ('wc_9', 1), ('wc_10', 1)]",8.0,,,26.0,0.024227000000000002,['Fail'],Fail
108.0,17.0,wc_17,,0.0,,,,203.0,,,,Fail
108.0,17.0,wc_17,wc_1,0.0,"[('wc_1', 1), ('wc_14', 1), ('wc_16', 1), ('wc_6', 1), ('wc_7', 1), ('wc_8', 1), ('wc_9', 1), ('wc_10', 1), ('wc_11', 1)]",9.0,,,20.0,0.027233,['Fail'],Fail
108.0,17.0,wc_17,,0.0,,,,0.0,,,,Fail
108.0,17.0,wc_17,wc_2,0.0,"[('wc_2', 1), ('wc_14', 1), ('wc_16', 1), ('wc_6', 1), ('wc_7', 1), ('wc_8', 1), ('wc_9', 1), ('wc_10', 1), ('wc_11', 1), ('wc_1', 1)]",10.0,,,39.0,0.027589,['Fail'],Fail
108.0,17.0,wc_17,,0.0,,,,0.0,,,,Fail
108.0,17.0,wc_17,wc_3,1.0,"[('wc_3', 1), ('wc_14', 1), ('wc_16', 1), ('wc_6', 1), ('wc_7', 1), ('wc_8', 1), ('wc_9', 1), ('wc_10', 1), ('wc_11', 1), ('wc_1', 1), ('wc_2', 1)]",11.0,,,29.0,0.068299,['Fail'],Fail
113.0,17.0,wc_17,,0.0,,,,242.0,,,,Pass
113.0,17.0,wc_17,,0.0,,,77.0,,,,,Pass
113.0,17.0,wc_17,,0.0,,,,0.0,,,,Pass
113.0,17.0,wc_17,wc_17,0.0,"[('wc_17', 1)]",1.0,,,36.0,0.002508,['Pass'],Pass
113.0,17.0,wc_17,,0.0,,,,21.0,,,,Pass
113.0,17.0,wc_17,wc_12,0.0,"[('wc_12', 1), ('wc_17', 1)]",2.0,,,20.0,0.004455000000000001,['Pass'],Pass
113.0,17.0,wc_17,,0.0,,,,0.0,,,,Pass
113.0,17.0,wc_17,wc_13,0.0,"[('wc_17', 1), ('wc_12', 1)]",2.0,,,30.0,0.005808,['Pass'],Pass
113.0,17.0,wc_17,,0.0,,,,0.0,,,,Pass
113.0,17.0,wc_17,wc_14,0.0,"[('wc_17', 1), ('wc_12', 1)]",2.0,,,33.0,0.009603,['Pass'],Pass
113.0,17.0,wc_17,,0.0,,,,0.0,,,,Pass
113.0,17.0,wc_17,wc_15,0.0,"[('wc_15', 1), ('wc_17', 1), ('wc_12', 1)]",3.0,,,35.0,0.009935999999999999,['Pass'],Pass
113.0,17.0,wc_17,,0.0,,,,0.0,,,,Pass
113.0,17.0,wc_17,wc_16,0.0,"[('wc_16', 1), ('wc_17', 1), ('wc_12', 1), ('wc_15', 1)]",4.0,,,38.0,0.012074999999999999,['Pass'],Pass
113.0,17.0,wc_17,,0.0,,,,203.0,,,,Pass
113.0,17.0,wc_17,wc_6,0.0,"[('wc_6', 1), ('wc_17', 1), ('wc_12', 1), ('wc_15', 1), ('wc_16', 1)]",5.0,,,23.0,0.013611,['Pass'],Pass
113.0,17.0,wc_17,,0.0,,,,0.0,,,,Pass
113.0,17.0,wc_17,wc_7,0.0,"[('wc_7', 1), ('wc_17', 1), ('wc_12', 1), ('wc_15', 1), ('wc_16', 1), ('wc_6', 1)]",6.0,,,21.0,0.016155,['Pass'],Pass
113.0,17.0,wc_17,,0.0,,,,0.0,,,,Pass
113.0,17.0,wc_17,wc_8,0.0,"[('wc_8', 1), ('wc_17', 1), ('wc_12', 1), ('wc_15', 1), ('wc_16', 1), ('wc_6', 1), ('wc_7', 1)]",7.0,,,29.0,0.016553000000000002,['Pass'],Pass
113.0,17.0,wc_17,,0.0,,,,0.0,,,,Pass
113.0,17.0,wc_17,wc_9,0.0,"[('wc_9', 1), ('wc_17', 1), ('wc_12', 1), ('wc_15', 1), ('wc_16', 1), ('wc_6', 1), ('wc_7', 1), ('wc_8', 1)]",8.0,,,21.0,0.017554999999999998,['Pass'],Pass
113.0,17.0,wc_17,,0.0,,,,0.0,,,,Pass
113.0,17.0,wc_17,wc_10,0.0,"[('wc_10', 1), ('wc_17', 1), ('wc_12', 1), ('wc_15', 1), ('wc_16', 1), ('wc_6', 1), ('wc_7', 1), ('wc_8', 1), ('wc_9', 1)]",9.0,,,21.0,0.022863999999999995,['Pass'],Pass
113.0,17.0,wc_17,,0.0,,,,0.0,,,,Pass
113.0,17.0,wc_17,wc_11,0.0,"[('wc_11', 1), ('wc_17', 1), ('wc_12', 1), ('wc_15', 1), ('wc_16', 1), ('wc_6', 1), ('wc_7', 1), ('wc_8', 1), ('wc_9', 1), ('wc_10', 1)]",10.0,,,38.0,0.0243,['Pass'],Pass
113.0,17.0,wc_17,,0.0,,,,203.0,,,,Pass
113.0,17.0,wc_17,wc_1,1.0,"[('wc_1', 1), ('wc_17', 1), ('wc_12', 1), ('wc_15', 1), ('wc_16', 1), ('wc_6', 1), ('wc_7', 1), ('wc_8', 1), ('wc_9', 1), ('wc_10', 1), ('wc_11', 1)]",11.0,,,35.0,0.080317,['Pass'],Pass
